1 2
1 8
1 18
1 50
1 120
1 834
2 3
2 4
2 9
2 15
2 16
2 19
2 28
2 36
2 51
2 100
2 121
2 240
2 835
3 4
3 6
3 8
3 10
3 12
3 18
3 24
3 40
3 48
3 114
3 188
3 280
3 336
3 558
3 834
4 5
4 6
4 8
4 9
4 12
4 14
4 17
4 20
4 24
4 30
4 36
4 56
4 68
4 87
4 108
4 132
4 170
4 212
4 336
4 419
4 420
4 834
4 836
4 1664
5 6
5 10
5 834
6 7
6 8
6 9
6 12
6 13
6 15
6 20
6 24
6 27
6 29
6 48
6 52
6 75
6 144
6 213
6 283
6 420
6 560
6 837
7 8
7 14
7 18
7 158
7 834
8 9
8 10
8 12
8 13
8 15
8 16
8 18
8 22
8 28
8 36
8 67
8 91
8 126
8 174
8 244
8 340
8 421
8 423
8 834
8 838
8 1660
9 10
9 12
9 14
9 16
9 18
9 20
9 24
9 30
9 34
9 42
9 64
9 84
9 88
9 174
9 246
9 284
9 562
9 834
10 11
10 12
10 15
10 17
10 20
10 24
10 113
10 216
10 839
11 12
11 22
11 834
12 13
12 14
12 15
12 16
12 18
12 20
12 21
12 24
12 30
12 35
12 36
12 48
12 58
12 81
12 84
12 104
12 149
12 150
12 196
12 219
12 286
12 288
12 423
12 426
12 560
12 564
12 834
12 840
12 1656
13 14
13 18
13 20
13 26
13 344
13 834
14 15
14 16
14 19
14 21
14 24
14 28
14 55
14 96
14 219
14 424
14 841
15 16
15 18
15 20
15 22
15 24
15 28
15 30
15 34
15 36
15 44
15 54
15 72
15 78
15 102
15 106
15 132
15 288
15 566
15 834
16 17
16 18
16 20
16 23
16 24
16 30
16 32
16 44
16 75
16 134
16 252
16 425
16 429
16 834
16 842
16 1652
17 18
17 24
17 30
17 34
17 36
17 60
17 144
17 834
18 19
18 20
18 21
18 23
18 24
18 27
18 28
18 29
18 33
18 35
18 36
18 40
18 43
18 48
18 51
18 52
18 68
18 69
18 73
18 84
18 93
18 120
18 128
18 168
18 183
18 293
18 348
18 568
18 843
19 20
19 24
19 36
19 38
19 116
19 182
19 834
20 21
20 22
20 24
20 25
20 27
20 28
20 30
20 31
20 34
20 36
20 40
20 42
20 48
20 57
20 64
20 76
20 94
20 123
20 168
20 226
20 427
20 432
20 834
20 844
20 1648
21 22
21 24
21 28
21 30
21 42
21 48
21 82
21 204
21 292
21 570
21 834
22 23
22 24
22 29
22 33
22 36
22 44
22 51
22 80
22 225
22 428
22 845
23 24
23 28
23 30
23 46
23 58
23 70
23 258
23 352
23 834
24 25
24 26
24 27
24 28
24 29
24 30
24 31
24 32
24 33
24 34
24 36
24 38
24 39
24 42
24 44
24 45
24 48
24 51
24 52
24 54
24 60
24 66
24 69
24 78
24 80
24 84
24 96
24 105
24 108
24 114
24 132
24 159
24 161
24 186
24 192
24 204
24 294
24 298
24 348
24 429
24 435
24 564
24 572
24 834
24 846
24 1644
25 26
25 30
25 50
25 56
25 78
25 834
26 27
26 28
26 39
26 52
26 127
26 228
26 847
27 28
27 30
27 34
27 36
27 48
27 54
27 296
27 574
27 834
28 29
28 30
28 32
28 33
28 35
28 36
28 38
28 41
28 42
28 48
28 54
28 56
28 59
28 68
28 69
28 80
28 90
28 110
28 152
28 192
28 233
28 356
28 431
28 438
28 834
28 848
28 1640
29 30
29 34
29 36
29 40
29 52
29 58
29 64
29 144
29 178
29 190
29 834
30 31
30 32
30 33
30 35
30 36
30 37
30 39
30 40
30 43
30 44
30 45
30 48
30 51
30 56
30 60
30 69
30 72
30 93
30 97
30 108
30 121
30 147
30 156
30 164
30 212
30 231
30 264
30 303
30 432
30 576
30 849
31 32
31 38
31 42
31 62
31 104
31 834
32 33
32 34
32 36
32 40
32 48
32 64
32 433
32 441
32 834
32 850
32 1636
33 34
33 36
33 38
33 42
33 44
33 48
33 66
33 122
33 142
33 300
33 360
33 578
33 834
34 35
34 36
34 39
34 41
34 44
34 48
34 51
34 53
34 59
34 68
34 72
34 77
34 84
34 120
34 851
35 36
35 40
35 42
35 52
35 58
35 70
35 82
35 106
35 834
36 37
36 38
36 39
36 40
36 42
36 43
36 44
36 45
36 48
36 50
36 52
36 53
36 54
36 55
36 57
36 60
36 64
36 68
36 70
36 72
36 74
36 78
36 84
36 87
36 93
36 104
36 112
36 120
36 132
36 138
36 150
36 169
36 172
36 240
36 264
36 302
36 308
36 435
36 444
36 568
36 580
36 834
36 852
36 1632
37 38
37 44
37 74
37 270
37 834
38 39
38 40
38 43
38 45
38 48
38 52
38 57
38 76
38 201
38 237
38 364
38 436
38 853
39 40
39 42
39 44
39 48
39 52
39 54
39 78
39 92
39 198
39 220
39 304
39 582
39 834
40 41
40 42
40 44
40 45
40 48
40 50
40 51
40 60
40 62
40 77
40 80
40 84
40 114
40 188
40 437
40 447
40 834
40 854
40 1628
41 42
41 48
41 54
41 82
41 102
41 834
42 43
42 44
42 45
42 48
42 49
42 51
42 53
42 56
42 60
42 63
42 64
42 75
42 84
42 108
42 141
42 240
42 313
42 584
42 855
43 44
43 48
43 50
43 56
43 68
43 86
43 108
43 156
43 168
43 368
43 834
44 45
44 46
44 48
44 49
44 51
44 52
44 54
44 55
44 58
44 64
44 66
44 72
44 73
44 88
44 100
44 102
44 123
44 160
44 202
44 247
44 276
44 360
44 439
44 450
44 834
44 856
44 1624
45 46
45 48
45 50
45 52
45 54
45 60
45 66
45 90
45 308
45 586
45 834
46 47
46 48
46 69
46 92
46 243
46 440
46 857
47 48
47 94
47 834
48 49
48 50
48 51
48 52
48 53
48 54
48 55
48 56
48 57
48 58
48 60
48 62
48 63
48 64
48 66
48 68
48 69
48 72
48 75
48 76
48 78
48 84
48 90
48 93
48 96
48 102
48 104
48 108
48 129
48 132
48 138
48 156
48 179
48 183
48 210
48 216
48 228
48 310
48 318
48 372
48 441
48 453
48 572
48 588
48 834
48 858
48 1620
49 50
49 54
49 56
49 98
49 206
49 834
50 51
50 52
50 55
50 57
50 60
50 64
50 75
50 99
50 100
50 148
50 859
51 52
51 54
51 58
51 60
51 62
51 68
51 72
51 78
51 80
51 84
51 100
51 102
51 128
51 138
51 198
51 282
51 312
51 590
51 834
52 53
52 54
52 56
52 59
52 60
52 65
52 66
52 68
52 69
52 75
52 78
52 80
52 86
52 98
52 104
52 108
52 120
52 144
52 153
52 254
52 443
52 456
52 834
52 860
52 1616
53 54
53 58
53 64
53 70
53 72
53 106
53 124
53 138
53 148
53 376
53 834
54 55
54 56
54 57
54 59
54 60
54 63
54 64
54 67
54 69
54 72
54 80
54 81
54 84
54 93
54 108
54 119
54 132
54 184
54 249
54 323
54 444
54 592
54 861
55 56
55 60
55 62
55 66
55 74
55 96
55 110
55 834
56 57
56 58
56 60
56 63
56 64
56 69
56 70
56 82
56 84
56 87
56 108
56 112
56 118
56 180
56 445
56 459
56 834
56 862
56 1612
57 58
57 60
57 64
57 66
57 76
57 78
57 94
57 114
57 168
57 236
57 316
57 594
57 834
58 59
58 60
58 63
58 65
58 68
58 72
58 81
58 87
58 93
58 104
58 116
58 128
58 155
58 173
58 219
58 252
58 288
58 380
58 863
59 60
59 64
59 66
59 84
59 90
59 118
59 214
59 834
60 61
60 62
60 63
60 64
60 65
60 66
60 68
60 69
60 70
60 72
60 75
60 78
60 80
60 84
60 90
60 96
60 103
60 120
60 127
60 132
60 146
60 189
60 194
60 232
60 261
60 318
60 328
60 447
60 462
60 576
60 596
60 834
60 864
60 1608
61 62
61 122
61 834
62 63
62 64
62 69
62 73
62 76
62 84
62 93
62 124
62 135
62 208
62 255
62 448
62 865
63 64
63 66
63 68
63 70
63 72
63 78
63 84
63 126
63 170
63 320
63 384
63 598
63 834
64 65
64 66
64 68
64 69
64 71
64 72
64 74
64 75
64 78
64 80
64 84
64 86
64 92
64 96
64 99
64 108
64 119
64 128
64 134
64 141
64 174
64 204
64 218
64 284
64 372
64 449
64 465
64 834
64 866
64 1604
65 66
65 70
65 72
65 78
65 130
65 294
65 834
66 67
66 68
66 69
66 72
66 73
66 75
66 77
66 80
66 84
66 87
66 88
66 99
66 108
66 132
66 155
66 244
66 333
66 600
66 867
67 68
67 80
67 126
67 134
67 834
68 69
68 70
68 72
68 73
68 76
68 78
68 84
68 85
68 88
68 93
68 100
68 102
68 108
68 118
68 132
68 136
68 148
68 168
68 228
68 268
68 388
68 451
68 468
68 834
68 868
68 1600
69 70
69 72
69 74
69 76
69 78
69 82
69 84
69 86
69 90
69 92
69 108
69 110
69 114
69 120
69 138
69 154
69 192
69 222
69 324
69 602
69 834
70 71
70 72
70 75
70 77
70 80
70 84
70 87
70 104
70 105
70 117
70 140
70 164
70 261
70 452
70 869
71 72
71 78
71 142
71 180
71 834
72 73
72 74
72 75
72 76
72 78
72 79
72 80
72 81
72 84
72 86
72 90
72 91
72 93
72 96
72 100
72 108
72 110
72 114
72 129
72 144
72 148
72 156
72 186
72 199
72 205
72 300
72 326
72 338
72 453
72 471
72 580
72 604
72 834
72 870
72 1596
73 74
73 78
73 80
73 84
73 102
73 128
73 146
73 218
73 392
73 834
74 75
74 76
74 79
74 84
74 93
74 111
74 112
74 148
74 169
74 264
74 871
75 76
75 78
75 80
75 84
75 86
75 90
75 98
75 100
75 102
75 108
75 134
75 144
75 150
75 252
75 328
75 606
75 834
76 77
76 78
76 80
76 83
76 84
76 90
76 95
76 104
76 114
76 132
76 152
76 275
76 455
76 474
76 834
76 872
76 1592
77 78
77 84
77 88
77 114
77 120
77 154
77 834
78 79
78 80
78 81
78 83
78 84
78 85
78 87
78 88
78 91
78 92
78 93
78 96
78 99
78 104
78 105
78 108
78 117
78 120
78 131
78 132
78 141
78 156
78 184
78 204
78 237
78 267
78 343
78 396
78 456
78 608
78 873
79 80
79 84
79 86
79 158
79 230
79 306
79 834
80 81
80 82
80 84
80 85
80 87
80 88
80 90
80 93
80 94
80 96
80 100
80 106
80 108
80 109
80 120
80 132
80 136
80 138
80 160
80 196
80 457
80 477
80 834
80 874
80 1588
81 82
81 84
81 90
81 104
81 108
81 150
81 162
81 332
81 610
81 834
82 83
82 84
82 95
82 108
82 123
82 129
82 143
82 164
82 176
82 204
82 875
83 84
83 88
83 90
83 166
83 400
83 834
84 85
84 86
84 87
84 88
84 89
84 90
84 91
84 92
84 93
84 94
84 95
84 96
84 98
84 99
84 100
84 102
84 104
84 105
84 106
84 108
84 109
84 112
84 114
84 117
84 120
84 126
84 128
84 132
84 134
84 144
84 150
84 156
84 159
84 168
84 172
84 183
84 184
84 209
84 216
84 228
84 234
84 260
84 282
84 334
84 348
84 384
84 459
84 480
84 584
84 612
84 834
84 876
84 1584
85 86
85 90
85 92
85 102
85 170
85 192
85 834
86 87
86 88
86 93
86 97
86 100
86 103
86 108
86 120
86 129
86 172
86 199
86 273
86 312
86 460
86 877
87 88
87 90
87 94
87 96
87 104
87 108
87 116
87 118
87 138
87 170
87 174
87 180
87 336
87 614
87 834
88 89
88 90
88 92
88 93
88 96
88 98
88 99
88 108
88 110
88 132
88 167
88 176
88 246
88 404
88 461
88 483
88 834
88 878
88 1580
89 90
89 94
89 178
89 238
89 834
90 91
90 92
90 93
90 95
90 96
90 97
90 99
90 100
90 104
90 105
90 108
90 111
90 120
90 121
90 132
90 135
90 152
90 180
90 183
90 276
90 353
90 616
90 879
91 92
91 98
91 104
91 110
91 174
91 182
91 834
92 93
92 94
92 96
92 99
92 100
92 106
92 115
92 120
92 138
92 145
92 184
92 198
92 289
92 304
92 463
92 486
92 834
92 880
92 1576
93 94
93 96
93 98
93 100
93 102
93 106
93 108
93 112
93 114
93 118
93 124
93 128
93 132
93 138
93 150
93 156
93 168
93 186
93 198
93 268
93 318
93 340
93 408
93 618
93 834
94 95
94 96
94 99
94 101
94 104
94 108
94 131
94 141
94 168
94 188
94 279
94 464
94 881
95 96
95 100
95 106
95 108
95 114
95 190
95 216
95 238
95 834
96 97
96 98
96 99
96 100
96 102
96 104
96 105
96 108
96 112
96 114
96 120
96 128
96 132
96 137
96 144
96 168
96 178
96 192
96 219
96 227
96 240
96 260
96 342
96 358
96 465
96 489
96 588
96 620
96 834
96 882
96 1572
97 98
97 104
97 108
97 164
97 194
97 834
98 99
98 100
98 103
98 105
98 108
98 112
98 121
98 144
98 147
98 196
98 255
98 412
98 883
99 100
99 102
99 104
99 106
99 108
99 110
99 114
99 120
99 132
99 134
99 148
99 198
99 204
99 246
99 344
99 622
99 834
100 101
100 102
100 104
100 105
100 107
100 108
100 110
100 114
100 116
100 120
100 125
100 128
100 132
100 149
100 150
100 156
100 198
100 200
100 212
100 296
100 324
100 467
100 492
100 834
100 884
100 1568
101 102
101 108
101 202
101 834
102 103
102 104
102 105
102 108
102 111
102 119
102 120
102 129
102 131
102 136
102 153
102 156
102 160
102 163
102 189
102 204
102 224
102 276
102 285
102 363
102 468
102 624
102 885
103 104
103 108
103 120
103 146
103 206
103 416
103 834
104 105
104 106
104 108
104 109
104 111
104 112
104 114
104 117
104 118
104 121
104 124
104 127
104 130
104 132
104 138
104 150
104 156
104 160
104 172
104 177
104 196
104 208
104 250
104 396
104 469
104 495
104 834
104 886
104 1564
105 106
105 108
105 110
105 112
105 114
105 120
105 126
105 132
105 140
105 186
105 210
105 348
105 626
105 834
106 107
106 108
106 113
106 117
106 119
106 120
106 128
106 132
106 159
106 177
106 197
106 212
106 248
106 288
106 887
107 108
107 114
107 214
107 330
107 834
108 109
108 110
108 111
108 112
108 113
108 114
108 115
108 116
108 117
108 118
108 119
108 120
108 121
108 122
108 123
108 126
108 128
108 129
108 130
108 132
108 134
108 135
108 136
108 138
108 141
108 144
108 147
108 148
108 150
108 152
108 160
108 162
108 164
108 168
108 173
108 174
108 186
108 192
108 212
108 216
108 228
108 229
108 238
108 240
108 264
108 276
108 303
108 350
108 368
108 420
108 471
108 498
108 592
108 628
108 834
108 888
108 1560
109 110
109 114
109 134
109 138
109 218
109 254
109 834
110 111
110 112
110 115
110 120
110 121
110 129
110 132
110 148
110 151
110 165
110 192
110 220
110 291
110 472
110 889
111 112
111 114
111 118
111 120
111 132
111 148
111 222
111 284
111 352
111 630
111 834
112 113
112 114
112 116
112 119
112 120
112 126
112 128
112 131
112 140
112 150
112 168
112 188
112 224
112 473
112 501
112 834
112 890
112 1556
113 114
113 118
113 120
113 216
113 226
113 424
113 834
114 115
114 116
114 117
114 119
114 120
114 121
114 123
114 124
114 128
114 129
114 132
114 133
114 135
114 144
114 151
114 152
114 156
114 159
114 171
114 188
114 204
114 225
114 228
114 336
114 373
114 632
114 891
115 116
115 120
115 122
115 138
115 230
115 834
116 117
116 118
116 120
116 124
116 132
116 145
116 174
116 213
116 232
116 310
116 475
116 504
116 834
116 892
116 1552
117 118
117 120
117 126
117 128
117 130
117 150
117 156
117 164
117 234
117 258
117 356
117 634
117 834
118 119
118 120
118 123
118 125
118 128
118 132
118 143
118 149
118 168
118 177
118 180
118 236
118 273
118 297
118 428
118 476
118 893
119 120
119 124
119 126
119 130
119 132
119 136
119 174
119 184
119 238
119 262
119 834
120 121
120 122
120 123
120 124
120 125
120 126
120 127
120 128
120 129
120 130
120 132
120 134
120 135
120 137
120 138
120 140
120 141
120 144
120 148
120 150
120 154
120 156
120 160
120 162
120 163
120 171
120 180
120 188
120 204
120 206
120 222
120 239
120 240
120 249
120 292
120 324
120 358
120 378
120 477
120 507
120 596
120 636
120 834
120 894
120 1548
121 122
121 128
121 132
121 134
121 138
121 144
121 152
121 212
121 240
121 242
121 342
121 834
122 123
122 124
122 129
122 136
122 183
122 211
122 244
122 300
122 895
123 124
123 126
123 128
123 132
123 138
123 164
123 202
123 226
123 246
123 360
123 432
123 638
123 834
124 125
124 126
124 128
124 129
124 132
124 134
124 144
124 155
124 186
124 195
124 248
124 266
124 317
124 408
124 479
124 510
124 834
124 896
124 1544
125 126
125 130
125 132
125 150
125 250
125 834
126 127
126 128
126 129
126 132
126 133
126 135
126 140
126 144
126 147
126 168
126 185
126 189
126 244
126 252
126 303
126 383
126 480
126 640
126 897
127 128
127 134
127 150
127 194
127 228
127 254
127 834
128 129
128 130
128 132
128 133
128 135
128 136
128 138
128 139
128 142
128 144
128 148
128 150
128 156
128 160
128 163
128 172
128 183
128 192
128 198
128 205
128 238
128 256
128 268
128 282
128 348
128 436
128 481
128 513
128 834
128 898
128 1540
129 130
129 132
129 134
129 136
129 138
129 144
129 148
129 150
129 156
129 172
129 176
129 186
129 210
129 258
129 270
129 300
129 364
129 642
129 834
130 131
130 132
130 135
130 140
130 141
130 143
130 152
130 156
130 195
130 260
130 899
131 132
131 150
131 160
131 168
131 184
131 262
131 834
132 133
132 134
132 135
132 136
132 138
132 139
132 140
132 141
132 143
132 144
132 145
132 146
132 148
132 150
132 153
132 154
132 156
132 158
132 159
132 160
132 164
132 165
132 168
132 171
132 174
132 176
132 180
132 184
132 186
132 188
132 196
132 198
132 204
132 210
132 216
132 228
132 240
132 249
132 260
132 264
132 276
132 288
132 300
132 324
132 366
132 388
132 483
132 516
132 600
132 644
132 834
132 900
132 1536
133 134
133 138
133 140
133 152
133 266
133 440
133 834
134 135
134 136
134 139
134 141
134 144
134 147
134 148
134 159
134 160
134 169
134 184
134 193
134 201
134 204
134 252
134 268
134 309
134 484
134 901
135 136
135 138
135 140
135 142
135 144
135 150
135 156
135 162
135 180
135 208
135 270
135 354
135 368
135 646
135 834
136 137
136 138
136 140
136 143
136 144
136 150
136 153
136 164
136 170
136 192
136 204
136 272
136 485
136 519
136 834
136 902
136 1532
137 138
137 154
137 178
137 274
137 834
138 139
138 140
138 141
138 143
138 144
138 147
138 148
138 153
138 155
138 156
138 161
138 167
138 168
138 172
138 183
138 184
138 189
138 196
138 207
138 223
138 225
138 228
138 240
138 276
138 291
138 308
138 312
138 393
138 444
138 648
138 903
139 140
139 144
139 146
139 150
139 278
139 834
139 1112
140 141
140 142
140 144
140 145
140 147
140 148
140 150
140 154
140 160
140 168
140 175
140 210
140 280
140 331
140 487
140 522
140 834
140 904
140 1528
141 142
141 144
141 148
141 150
141 152
141 162
141 174
141 188
141 204
141 218
141 240
141 282
141 372
141 650
141 834
142 143
142 144
142 149
142 156
142 213
142 251
142 284
142 315
142 360
142 488
142 905
143 144
143 148
143 150
143 154
143 156
143 168
143 204
143 286
143 448
143 834
144 145
144 146
144 147
144 148
144 149
144 150
144 152
144 153
144 154
144 156
144 159
144 160
144 162
144 164
144 167
144 168
144 174
144 180
144 190
144 192
144 204
144 213
144 216
144 236
144 259
144 271
144 282
144 288
144 374
144 398
144 420
144 489
144 525
144 604
144 652
144 834
144 906
144 1524
145 146
145 150
145 158
145 174
145 198
145 290
145 834
146 147
146 148
146 153
146 160
146 189
146 219
146 232
146 292
146 907
147 148
147 150
147 154
147 156
147 160
147 168
147 186
147 196
147 264
147 294
147 316
147 376
147 654
147 834
148 149
148 150
148 152
148 153
148 155
148 156
148 158
148 162
148 164
148 167
148 168
148 176
148 185
148 186
148 188
148 197
148 222
148 224
148 228
148 243
148 246
148 296
148 300
148 338
148 344
148 452
148 491
148 528
148 834
148 908
148 1520
149 150
149 154
149 156
149 180
149 198
149 286
149 298
149 366
149 834
150 151
150 152
150 153
150 155
150 156
150 157
150 159
150 160
150 161
150 164
150 165
150 168
150 169
150 171
150 172
150 173
150 175
150 180
150 183
150 188
150 192
150 196
150 200
150 207
150 216
150 219
150 225
150 264
150 288
150 300
150 321
150 403
150 492
150 656
150 909
151 152
151 188
151 192
151 302
151 834
152 153
152 154
152 156
152 160
152 163
152 171
152 174
152 183
152 190
152 196
152 214
152 228
152 276
152 304
152 493
152 531
152 834
152 910
152 1516
153 154
153 156
153 158
153 160
153 162
153 168
153 170
153 174
153 204
153 254
153 306
153 380
153 456
153 658
153 834
154 155
154 156
154 159
154 161
154 164
154 165
154 168
154 171
154 176
154 188
154 231
154 239
154 308
154 324
154 911
155 156
155 160
155 162
155 172
155 186
155 244
155 252
155 310
155 834
156 157
156 158
156 159
156 160
156 162
156 163
156 164
156 165
156 168
156 169
156 170
156 174
156 177
156 180
156 182
156 183
156 184
156 192
156 195
156 198
156 208
156 210
156 212
156 219
156 228
156 234
156 240
156 264
156 269
156 282
156 312
156 324
156 345
156 372
156 382
156 408
156 495
156 534
156 608
156 660
156 834
156 912
156 1512
157 158
157 164
157 314
157 834
158 159
158 160
158 163
158 168
158 171
158 184
158 237
158 309
158 316
158 327
158 460
158 496
158 913
159 160
159 162
159 164
159 168
159 174
159 184
159 186
159 204
159 212
159 234
159 294
159 318
159 384
159 662
159 834
160 161
160 162
160 164
160 165
160 167
160 168
160 170
160 173
160 174
160 176
160 180
160 186
160 188
160 189
160 192
160 200
160 212
160 216
160 218
160 240
160 276
160 320
160 497
160 537
160 834
160 914
160 1508
161 162
161 168
161 172
161 184
161 298
161 322
161 834
162 163
162 164
162 165
162 168
162 169
162 171
162 176
162 180
162 183
162 189
162 204
162 216
162 243
162 324
162 413
162 664
162 915
163 164
163 168
163 170
163 174
163 198
163 206
163 224
163 326
163 378
163 464
163 834
164 165
164 166
164 168
164 169
164 171
164 172
164 174
164 178
164 180
164 184
164 192
164 196
164 205
164 211
164 220
164 231
164 246
164 258
164 298
164 328
164 352
164 432
164 499
164 540
164 834
164 916
164 1504
165 166
165 168
165 170
165 174
165 176
165 180
165 198
165 220
165 330
165 332
165 388
165 666
165 834
166 167
166 168
166 249
166 332
166 333
166 500
166 917
167 168
167 174
167 186
167 190
167 196
167 246
167 334
167 834
168 169
168 170
168 171
168 172
168 173
168 174
168 175
168 176
168 177
168 178
168 180
168 182
168 183
168 186
168 188
168 189
168 192
168 193
168 196
168 198
168 204
168 205
168 210
168 218
168 224
168 228
168 240
168 242
168 243
168 252
168 268
168 279
168 293
168 316
168 318
168 336
168 390
168 418
168 468
168 501
168 543
168 612
168 668
168 834
168 918
168 1500
169 170
169 174
169 176
169 182
169 188
169 204
169 264
169 302
169 338
169 834
170 171
170 172
170 175
170 177
170 180
170 184
170 187
170 204
170 253
170 255
170 277
170 336
170 340
170 384
170 919
171 172
171 174
171 178
171 180
171 184
171 188
171 190
171 192
171 210
171 222
171 228
171 342
171 392
171 670
171 834
172 173
172 174
172 176
172 180
172 183
172 189
172 194
172 206
172 215
172 216
172 240
172 258
172 260
172 308
172 344
172 359
172 503
172 546
172 834
172 920
172 1496
173 174
173 178
173 186
173 196
173 238
173 288
173 346
173 472
173 834
174 175
174 176
174 177
174 179
174 180
174 181
174 183
174 184
174 185
174 188
174 189
174 192
174 195
174 196
174 203
174 204
174 207
174 216
174 229
174 232
174 240
174 257
174 261
174 284
174 339
174 340
174 348
174 423
174 504
174 672
174 921
175 176
175 180
175 182
175 200
175 210
175 350
175 834
176 177
176 178
176 180
176 183
176 184
176 187
176 190
176 192
176 198
176 204
176 220
176 223
176 264
176 270
176 352
176 364
176 505
176 549
176 834
176 922
176 1492
177 178
177 180
177 184
177 186
177 198
177 236
177 248
177 250
177 354
177 390
177 396
177 674
177 834
178 179
178 180
178 183
178 185
178 188
178 192
178 219
178 260
178 267
178 327
178 356
178 476
178 923
179 180
179 184
179 310
179 358
179 834
180 181
180 182
180 183
180 184
180 185
180 186
180 188
180 189
180 190
180 192
180 195
180 196
180 198
180 200
180 204
180 210
180 211
180 216
180 225
180 228
180 240
180 242
180 270
180 273
180 289
180 304
180 360
180 366
180 398
180 428
180 507
180 552
180 616
180 676
180 834
180 924
180 1488
181 182
181 188
181 362
181 834
182 183
182 184
182 189
182 195
182 196
182 208
182 273
182 345
182 364
182 508
182 925
183 184
183 186
183 188
183 190
183 192
183 194
183 198
183 204
183 210
183 214
183 216
183 228
183 238
183 244
183 276
183 282
183 318
183 348
183 366
183 400
183 480
183 678
183 834
184 185
184 186
184 188
184 189
184 191
184 192
184 194
184 197
184 198
184 204
184 207
184 209
184 210
184 212
184 230
184 234
184 236
184 237
184 249
184 276
184 284
184 290
184 314
184 368
184 396
184 444
184 509
184 555
184 834
184 926
184 1484
185 186
185 190
185 192
185 196
185 222
185 244
185 370
185 834
186 187
186 188
186 189
186 192
186 195
186 199
186 204
186 205
186 212
186 213
186 217
186 224
186 225
186 240
186 243
186 248
186 264
186 267
186 279
186 300
186 348
186 372
186 433
186 680
186 927
187 188
187 198
187 204
187 374
187 834
188 189
188 190
188 192
188 193
188 195
188 196
188 198
188 202
188 205
188 207
188 208
188 216
188 222
188 225
188 226
188 228
188 235
188 244
188 256
188 262
188 264
188 282
188 336
188 373
188 376
188 484
188 511
188 558
188 834
188 928
188 1480
189 190
189 192
189 194
189 196
189 198
189 204
189 206
189 210
189 216
189 218
189 232
189 240
189 252
189 276
189 318
189 378
189 404
189 682
189 834
190 191
190 192
190 195
190 197
190 200
190 204
190 209
190 213
190 228
190 236
190 285
190 351
190 380
190 512
190 929
191 192
191 198
191 382
191 402
191 834
192 193
192 194
192 195
192 196
192 198
192 199
192 200
192 201
192 204
192 206
192 208
192 210
192 213
192 216
192 220
192 224
192 228
192 233
192 234
192 240
192 248
192 256
192 274
192 276
192 288
192 299
192 315
192 356
192 360
192 384
192 406
192 438
192 513
192 561
192 620
192 684
192 834
192 930
192 1476
193 194
193 198
193 218
193 252
193 386
193 488
193 834
194 195
194 196
194 199
194 204
194 205
194 216
194 261
194 291
194 328
194 388
194 931
195 196
195 198
195 200
195 202
195 204
195 208
195 210
195 216
195 234
195 260
195 266
195 390
195 408
195 686
195 834
196 197
196 198
196 200
196 203
196 204
196 207
196 210
196 212
196 218
196 219
196 224
196 225
196 228
196 240
196 242
196 245
196 254
196 260
196 288
196 294
196 312
196 380
196 392
196 515
196 564
196 834
196 932
196 1472
197 198
197 204
197 210
197 246
197 288
197 394
197 834
198 199
198 200
198 201
198 203
198 204
198 205
198 207
198 208
198 209
198 212
198 213
198 216
198 219
198 220
198 228
198 231
198 233
198 240
198 247
198 251
198 264
198 268
198 296
198 297
198 303
198 304
198 345
198 357
198 396
198 408
198 443
198 492
198 516
198 688
198 933
199 200
199 204
199 206
199 212
199 312
199 326
199 398
199 834
200 201
200 202
200 204
200 205
200 208
200 210
200 220
200 225
200 240
200 250
200 300
200 400
200 517
200 567
200 834
200 934
200 1468
201 202
201 204
201 210
201 268
201 364
201 402
201 412
201 690
201 834
202 203
202 204
202 209
202 216
202 281
202 303
202 360
202 404
202 935
203 204
203 208
203 210
203 232
203 406
203 496
203 834
204 205
204 206
204 207
204 208
204 209
204 210
204 211
204 212
204 213
204 214
204 216
204 218
204 219
204 221
204 222
204 224
204 225
204 228
204 232
204 234
204 238
204 239
204 240
204 246
204 249
204 255
204 264
204 265
204 267
204 272
204 274
204 276
204 288
204 294
204 306
204 309
204 326
204 330
204 344
204 384
204 387
204 408
204 414
204 448
204 456
204 519
204 570
204 624
204 692
204 834
204 936
204 1464
205 206
205 210
205 212
205 216
205 222
205 224
205 242
205 246
205 282
205 338
205 410
205 414
205 834
206 207
206 208
206 213
206 220
206 223
206 240
206 249
206 292
206 309
206 363
206 412
206 520
206 937
207 208
207 210
207 216
207 218
207 226
207 230
207 240
207 264
207 276
207 414
207 416
207 694
207 834
208 209
208 210
208 212
208 213
208 216
208 218
208 221
208 224
208 228
208 234
208 260
208 281
208 312
208 354
208 416
208 500
208 521
208 573
208 834
208 938
208 1460
209 210
209 214
209 216
209 220
209 228
209 234
209 334
209 418
209 834
210 211
210 212
210 213
210 215
210 216
210 217
210 219
210 220
210 223
210 224
210 225
210 228
210 231
210 236
210 237
210 240
210 245
210 249
210 252
210 264
210 280
210 288
210 291
210 315
210 372
210 420
210 453
210 696
210 939
211 212
211 218
211 242
211 258
211 300
211 422
211 834
212 213
212 214
212 216
212 219
212 220
212 225
212 226
212 228
212 238
212 240
212 264
212 265
212 268
212 303
212 316
212 318
212 324
212 394
212 420
212 424
212 523
212 576
212 834
212 940
212 1456
213 214
213 216
213 218
213 220
213 222
213 228
213 234
213 236
213 240
213 282
213 284
213 310
213 420
213 426
213 504
213 698
213 834
214 215
214 216
214 219
214 224
214 245
214 276
214 321
214 369
214 428
214 524
214 941
215 216
215 220
215 258
215 430
215 834
216 217
216 218
216 219
216 220
216 222
216 223
216 224
216 225
216 227
216 228
216 230
216 234
216 237
216 238
216 240
216 243
216 244
216 249
216 252
216 258
216 260
216 270
216 272
216 282
216 288
216 300
216 319
216 324
216 337
216 348
216 384
216 422
216 432
216 458
216 525
216 579
216 628
216 700
216 834
216 942
216 1452
217 218
217 224
217 248
217 434
217 834
218 219
218 220
218 223
218 225
218 228
218 229
218 232
218 240
218 243
218 247
218 268
218 276
218 295
218 327
218 363
218 372
218 436
218 508
218 943
219 220
219 222
219 224
219 226
219 228
219 234
219 240
219 242
219 260
219 282
219 288
219 292
219 342
219 380
219 424
219 426
219 438
219 702
219 834
220 221
220 222
220 224
220 225
220 227
220 228
220 230
220 231
220 234
220 240
220 242
220 248
220 264
220 275
220 276
220 330
220 401
220 440
220 527
220 582
220 834
220 944
220 1448
221 222
221 234
221 238
221 442
221 834
222 223
222 224
222 225
222 228
222 231
222 239
222 240
222 256
222 259
222 273
222 296
222 324
222 333
222 375
222 444
222 463
222 528
222 704
222 945
223 224
223 228
223 230
223 236
223 240
223 270
223 308
223 446
223 512
223 834
224 225
224 226
224 228
224 229
224 231
224 232
224 234
224 238
224 240
224 243
224 244
224 252
224 256
224 262
224 280
224 285
224 300
224 336
224 346
224 448
224 468
224 529
224 585
224 834
224 946
224 1444
225 226
225 228
225 230
225 232
225 234
225 238
225 240
225 246
225 250
225 254
225 262
225 264
225 270
225 300
225 312
225 336
225 428
225 450
225 706
225 834
226 227
226 228
226 233
226 240
226 245
226 264
226 329
226 339
226 432
226 452
226 947
227 228
227 234
227 238
227 358
227 454
227 834
228 229
228 230
228 231
228 232
228 233
228 234
228 236
228 237
228 238
228 240
228 243
228 244
228 246
228 247
228 248
228 252
228 258
228 260
228 264
228 266
228 268
228 273
228 276
228 285
228 288
228 300
228 304
228 308
228 318
228 324
228 329
228 342
228 348
228 372
228 388
228 408
228 430
228 456
228 468
228 516
228 531
228 588
228 632
228 708
228 834
228 948
228 1440
229 230
229 234
229 240
229 284
229 350
229 458
229 834
230 231
230 232
230 235
230 237
230 240
230 244
230 253
230 276
230 345
230 381
230 460
230 532
230 949
231 232
231 234
231 238
231 240
231 242
231 252
231 264
231 298
231 308
231 432
231 462
231 710
231 834
232 233
232 234
232 236
232 239
232 240
232 246
232 260
232 261
232 275
232 290
232 318
232 348
232 404
232 464
232 533
232 591
232 834
232 950
232 1436
233 234
233 238
233 240
233 268
233 274
233 438
233 466
233 520
233 834
234 235
234 236
234 237
234 239
234 240
234 241
234 243
234 244
234 247
234 248
234 249
234 252
234 255
234 259
234 260
234 264
234 273
234 276
234 284
234 309
234 312
234 351
234 384
234 468
234 473
234 712
234 951
235 236
235 240
235 282
235 470
235 834
236 237
236 238
236 240
236 244
236 249
236 259
236 262
236 282
236 288
236 295
236 328
236 354
236 415
236 472
236 535
236 594
236 834
236 952
236 1432
237 238
237 240
237 244
237 246
237 258
237 264
237 290
237 316
237 396
237 436
237 474
237 714
237 834
238 239
238 240
238 243
238 245
238 248
238 249
238 251
238 252
238 255
238 260
238 264
238 272
238 293
238 303
238 348
238 357
238 368
238 381
238 387
238 476
238 524
238 536
238 953
239 240
239 244
239 246
239 256
239 274
239 324
239 358
239 478
239 834
240 241
240 242
240 243
240 244
240 245
240 246
240 247
240 248
240 249
240 250
240 251
240 252
240 254
240 255
240 256
240 257
240 258
240 260
240 261
240 262
240 264
240 267
240 268
240 270
240 273
240 274
240 276
240 280
240 282
240 284
240 288
240 291
240 294
240 300
240 306
240 308
240 312
240 320
240 324
240 339
240 342
240 348
240 359
240 360
240 372
240 384
240 438
240 444
240 478
240 480
240 537
240 597
240 636
240 716
240 834
240 954
240 1428
241 242
241 248
241 482
241 834
242 243
242 244
242 253
242 264
242 265
242 273
242 279
242 288
242 304
242 316
242 363
242 484
242 955
243 244
243 246
243 248
243 252
243 258
243 262
243 268
243 270
243 300
243 318
243 324
243 338
243 440
243 486
243 528
243 718
243 834
244 245
244 246
244 248
244 249
244 251
244 252
244 254
244 258
244 260
244 264
244 272
244 300
244 303
244 305
244 333
244 362
244 366
244 422
244 480
244 488
244 539
244 600
244 834
244 956
244 1424
245 246
245 250
245 252
245 264
245 276
245 280
245 294
245 490
245 834
246 247
246 248
246 249
246 252
246 253
246 255
246 260
246 264
246 267
246 287
246 288
246 295
246 325
246 328
246 344
246 369
246 393
246 404
246 483
246 492
246 540
246 720
246 957
247 248
247 254
247 260
247 266
247 276
247 296
247 450
247 494
247 834
248 249
248 250
248 252
248 253
248 255
248 256
248 258
248 262
248 268
248 276
248 279
248 304
248 310
248 319
248 372
248 390
248 496
248 532
248 541
248 603
248 834
248 958
248 1420
249 250
249 252
249 254
249 258
249 260
249 262
249 264
249 282
249 288
249 292
249 294
249 314
249 332
249 366
249 378
249 444
249 498
249 722
249 834
250 251
250 252
250 255
250 260
250 275
250 300
250 323
250 375
250 396
250 500
250 959
251 252
251 258
251 262
251 264
251 304
251 360
251 502
251 834
252 253
252 254
252 255
252 256
252 258
252 259
252 260
252 261
252 264
252 266
252 270
252 273
252 276
252 280
252 288
252 294
252 311
252 315
252 336
252 349
252 370
252 378
252 429
252 446
252 488
252 504
252 543
252 606
252 640
252 724
252 834
252 960
252 1416
253 254
253 258
253 260
253 264
253 276
253 336
253 506
253 536
253 834
254 255
254 256
254 259
254 261
254 264
254 268
254 283
254 312
254 355
254 381
254 399
254 456
254 508
254 544
254 961
255 256
255 258
255 260
255 262
255 264
255 270
255 272
255 276
255 306
255 340
255 412
255 448
255 510
255 726
255 834
256 257
256 258
256 260
256 264
256 272
256 273
256 288
256 290
256 320
256 324
256 384
256 512
256 545
256 609
256 834
256 962
256 1412
257 258
257 274
257 340
257 514
257 834
258 259
258 260
258 261
258 263
258 264
258 265
258 267
258 268
258 272
258 273
258 276
258 279
258 288
258 300
258 301
258 305
258 344
258 352
258 387
258 399
258 493
258 516
258 540
258 728
258 963
259 260
259 264
259 266
259 282
259 284
259 296
259 374
259 518
259 834
260 261
260 262
260 264
260 265
260 267
260 268
260 270
260 271
260 273
260 274
260 276
260 280
260 282
260 286
260 288
260 292
260 301
260 304
260 312
260 324
260 325
260 342
260 348
260 388
260 390
260 424
260 436
260 520
260 547
260 612
260 834
260 964
260 1408
261 262
261 264
261 268
261 270
261 282
261 290
261 328
261 348
261 452
261 462
261 522
261 730
261 834
262 263
262 264
262 269
262 273
262 275
262 276
262 281
262 284
262 288
262 299
262 300
262 336
262 393
262 405
262 524
262 548
262 965
263 264
263 268
263 526
263 544
263 834
264 265
264 266
264 267
264 268
264 269
264 270
264 272
264 273
264 274
264 275
264 276
264 277
264 279
264 282
264 283
264 284
264 286
264 288
264 290
264 291
264 294
264 297
264 300
264 302
264 303
264 308
264 316
264 318
264 321
264 324
264 330
264 340
264 342
264 352
264 359
264 372
264 378
264 381
264 396
264 420
264 454
264 492
264 498
264 528
264 549
264 615
264 644
264 732
264 834
264 966
264 1404
265 266
265 270
265 272
265 288
265 318
265 326
265 530
265 834
266 267
266 268
266 273
266 280
266 285
266 304
266 337
266 399
266 408
266 532
266 967
267 268
267 270
267 274
267 276
267 288
267 294
267 330
267 348
267 356
267 456
267 534
267 734
267 834
268 269
268 270
268 272
268 273
268 275
268 276
268 278
268 282
268 288
268 293
268 296
268 303
268 308
268 318
268 324
268 335
268 338
268 368
268 402
268 408
268 443
268 468
268 536
268 548
268 551
268 618
268 834
268 968
268 1400
269 270
269 274
269 276
269 382
269 538
269 834
270 271
270 272
270 273
270 275
270 276
270 279
270 280
270 285
270 288
270 297
270 300
270 315
270 317
270 324
270 360
270 364
270 405
270 411
270 503
270 540
270 552
270 736
270 969
271 272
271 282
271 398
271 542
271 834
272 273
272 274
272 276
272 279
272 280
272 286
272 288
272 289
272 300
272 306
272 328
272 340
272 408
272 544
272 553
272 621
272 834
272 970
272 1396
273 274
273 276
273 278
273 280
273 282
273 284
273 286
273 288
273 290
273 294
273 304
273 306
273 312
273 318
273 324
273 364
273 366
273 428
273 460
273 546
273 552
273 738
273 834
274 275
274 276
274 279
274 281
274 284
274 288
274 291
274 308
274 309
274 315
274 344
274 356
274 411
274 548
274 971
275 276
275 280
275 282
275 286
275 288
275 300
275 318
275 330
275 474
275 550
275 834
276 277
276 278
276 279
276 280
276 282
276 283
276 284
276 285
276 288
276 290
276 292
276 294
276 297
276 299
276 300
276 304
276 305
276 307
276 312
276 318
276 322
276 324
276 332
276 334
276 338
276 345
276 348
276 360
276 363
276 368
276 369
276 392
276 400
276 414
276 420
276 444
276 450
276 462
276 508
276 552
276 555
276 624
276 648
276 740
276 834
276 972
276 1392
277 278
277 290
277 384
277 554
277 834
278 279
278 280
278 283
278 288
278 417
278 556
278 973
279 280
279 282
279 284
279 286
279 288
279 294
279 300
279 310
279 316
279 372
279 390
279 464
279 558
279 742
279 834
280 281
280 282
280 284
280 285
280 287
280 288
280 290
280 294
280 300
280 308
280 315
280 320
280 336
280 350
280 420
280 557
280 560
280 627
280 834
280 974
280 1388
281 282
281 288
281 300
281 354
281 360
281 562
281 834
282 283
282 284
282 285
282 288
282 289
282 291
282 293
282 296
282 300
282 303
282 304
282 305
282 315
282 324
282 328
282 329
282 345
282 348
282 351
282 359
282 376
282 381
282 408
282 420
282 423
282 436
282 480
282 513
282 564
282 744
282 975
283 284
283 288
283 290
283 302
283 312
283 560
283 566
283 834
284 285
284 286
284 288
284 289
284 292
284 294
284 295
284 304
284 306
284 309
284 328
284 334
284 339
284 355
284 384
284 394
284 426
284 457
284 504
284 559
284 568
284 630
284 834
284 976
284 1384
285 286
285 288
285 290
285 294
285 300
285 304
285 342
285 346
285 380
285 468
285 570
285 746
285 834
286 287
286 288
286 293
286 297
286 299
286 300
286 308
286 312
286 423
286 429
286 560
286 572
286 977
287 288
287 294
287 328
287 574
287 834
288 289
288 290
288 291
288 292
288 293
288 294
288 295
288 296
288 297
288 298
288 300
288 301
288 302
288 303
288 304
288 306
288 308
288 309
288 311
288 312
288 314
288 316
288 318
288 320
288 324
288 327
288 330
288 334
288 336
288 340
288 348
288 357
288 360
288 366
288 372
288 379
288 380
288 384
288 403
288 426
288 432
288 444
288 470
288 518
288 561
288 564
288 576
288 633
288 652
288 748
288 834
288 978
288 1380
289 290
289 294
289 296
289 306
289 398
289 486
289 578
289 834
290 291
290 292
290 295
290 297
290 300
290 303
290 304
290 307
290 316
290 319
290 324
290 343
290 348
290 396
290 435
290 580
290 979
291 292
291 294
291 300
291 308
291 318
291 342
291 372
291 388
291 444
291 472
291 582
291 750
291 834
292 293
292 294
292 296
292 300
292 308
292 324
292 335
292 365
292 378
292 438
292 464
292 563
292 584
292 636
292 834
292 980
292 1376
293 294
293 298
293 300
293 304
293 318
293 348
293 418
293 568
293 586
293 834
294 295
294 296
294 297
294 299
294 300
294 301
294 303
294 304
294 308
294 309
294 312
294 315
294 321
294 324
294 336
294 339
294 343
294 348
294 384
294 392
294 429
294 441
294 523
294 564
294 588
294 752
294 981
295 296
295 300
295 302
295 306
295 344
295 354
295 372
295 590
295 834
296 297
296 298
296 300
296 303
296 304
296 310
296 324
296 333
296 345
296 370
296 394
296 444
296 492
296 565
296 592
296 639
296 834
296 982
296 1372
297 298
297 300
297 304
297 306
297 308
297 318
297 324
297 330
297 396
297 476
297 594
297 754
297 834
298 299
298 300
298 303
298 308
298 365
298 432
298 435
298 447
298 572
298 596
298 983
299 300
299 304
299 312
299 322
299 336
299 406
299 598
299 834
300 301
300 302
300 303
300 304
300 305
300 306
300 307
300 308
300 309
300 310
300 312
300 314
300 315
300 318
300 319
300 320
300 321
300 324
300 325
300 328
300 330
300 336
300 338
300 342
300 350
300 356
300 357
300 360
300 372
300 375
300 376
300 384
300 389
300 400
300 414
300 450
300 452
300 468
300 471
300 478
300 528
300 567
300 600
300 642
300 656
300 756
300 834
300 984
300 1368
301 302
301 308
301 314
301 342
301 344
301 602
301 834
302 303
302 304
302 309
302 316
302 321
302 340
302 435
302 453
302 568
302 604
302 985
303 304
303 306
303 308
303 310
303 312
303 316
303 318
303 324
303 338
303 342
303 362
303 368
303 394
303 404
303 408
303 480
303 498
303 576
303 606
303 758
303 834
304 305
304 306
304 308
304 309
304 311
304 312
304 314
304 315
304 318
304 320
304 323
304 324
304 326
304 332
304 335
304 342
304 348
304 357
304 360
304 366
304 380
304 410
304 428
304 456
304 516
304 569
304 608
304 645
304 834
304 986
304 1364
305 306
305 310
305 328
305 334
305 352
305 366
305 610
305 834
306 307
306 308
306 309
306 312
306 315
306 317
306 323
306 324
306 328
306 339
306 340
306 357
306 372
306 408
306 459
306 533
306 612
306 760
306 987
307 308
307 314
307 324
307 338
307 614
307 834
308 309
308 310
308 312
308 313
308 315
308 316
308 318
308 319
308 322
308 324
308 325
308 328
308 330
308 336
308 342
308 348
308 352
308 376
308 385
308 388
308 393
308 444
308 462
308 478
308 571
308 580
308 616
308 648
308 834
308 988
308 1360
309 310
309 312
309 314
309 316
309 318
309 324
309 330
309 334
309 344
309 384
309 412
309 414
309 460
309 484
309 618
309 762
309 834
310 311
310 312
310 315
310 317
310 320
310 324
310 341
310 372
310 407
310 441
310 465
310 504
310 572
310 620
310 989
311 312
311 318
311 334
311 370
311 622
311 834
312 313
312 314
312 315
312 316
312 318
312 320
312 321
312 324
312 325
312 330
312 336
312 338
312 341
312 348
312 351
312 364
312 370
312 384
312 390
312 399
312 416
312 425
312 428
312 468
312 486
312 538
312 573
312 624
312 651
312 660
312 764
312 834
312 990
312 1356
313 314
313 318
313 584
313 626
313 834
314 315
314 316
314 319
314 321
314 324
314 327
314 328
314 340
314 379
314 444
314 471
314 628
314 991
315 316
315 318
315 320
315 322
315 324
315 326
315 330
315 336
315 348
315 350
315 356
315 360
315 378
315 420
315 438
315 488
315 630
315 766
315 834
316 317
316 318
316 320
316 323
316 324
316 329
316 330
316 342
316 344
316 353
316 368
316 390
316 395
316 420
316 464
316 474
316 485
316 575
316 632
316 654
316 834
316 992
316 1352
317 318
317 324
317 328
317 364
317 510
317 634
317 834
318 319
318 320
318 321
318 323
318 324
318 325
318 327
318 328
318 332
318 333
318 336
318 339
318 343
318 345
318 348
318 360
318 361
318 363
318 368
318 371
318 372
318 393
318 404
318 408
318 424
318 447
318 453
318 468
318 477
318 543
318 576
318 588
318 636
318 768
318 993
319 320
319 324
319 330
319 338
319 348
319 390
319 422
319 638
319 834
320 321
320 322
320 324
320 325
320 328
320 330
320 336
320 340
320 352
320 360
320 384
320 400
320 480
320 577
320 640
320 657
320 834
320 994
320 1348
321 322
321 324
321 328
321 330
321 340
321 342
321 348
321 378
321 428
321 492
321 642
321 770
321 834
322 323
322 324
322 329
322 336
322 345
322 368
322 483
322 644
322 995
323 324
323 328
323 330
323 340
323 342
323 396
323 592
323 646
323 834
324 325
324 326
324 327
324 328
324 329
324 330
324 331
324 332
324 333
324 334
324 336
324 338
324 339
324 340
324 341
324 342
324 344
324 345
324 348
324 351
324 352
324 354
324 356
324 358
324 360
324 366
324 372
324 375
324 378
324 380
324 384
324 388
324 392
324 405
324 408
324 409
324 420
324 426
324 432
324 436
324 486
324 492
324 494
324 516
324 528
324 548
324 579
324 648
324 660
324 664
324 772
324 834
324 996
324 1344
325 326
325 330
325 332
325 338
325 342
325 350
325 390
325 404
325 650
325 834
326 327
326 328
326 337
326 348
326 387
326 448
326 453
326 489
326 580
326 652
326 997
327 328
327 330
327 336
327 340
327 366
327 436
327 476
327 496
327 654
327 774
327 834
328 329
328 330
328 332
328 333
328 335
328 336
328 338
328 339
328 342
328 348
328 350
328 351
328 356
328 369
328 372
328 374
328 384
328 395
328 410
328 420
328 462
328 492
328 581
328 596
328 656
328 663
328 834
328 998
328 1340
329 330
329 334
329 336
329 342
329 376
329 430
329 432
329 658
329 834
330 331
330 332
330 333
330 335
330 336
330 337
330 339
330 340
330 341
330 344
330 345
330 348
330 351
330 352
330 360
330 363
330 372
330 385
330 393
330 396
330 440
330 456
330 495
330 553
330 660
330 776
330 999
331 332
331 338
331 522
331 662
331 834
332 333
332 334
332 336
332 339
332 340
332 346
332 360
332 388
332 415
332 498
332 499
332 583
332 664
332 666
332 834
332 1000
332 1336
333 334
333 336
333 338
333 342
333 348
333 370
333 422
333 444
333 500
333 600
333 666
333 778
333 834
334 335
334 336
334 339
334 344
334 357
334 359
334 363
334 380
334 384
334 392
334 459
334 501
334 584
334 668
334 1001
335 336
335 340
335 342
335 366
335 378
335 402
335 670
335 834
336 337
336 338
336 339
336 340
336 342
336 343
336 344
336 345
336 348
336 350
336 352
336 354
336 357
336 360
336 364
336 372
336 373
336 378
336 384
336 392
336 410
336 419
336 420
336 447
336 448
336 484
336 502
336 504
336 558
336 585
336 668
336 669
336 672
336 780
336 834
336 1002
336 1332
337 338
337 344
337 348
337 408
337 458
337 674
337 834
338 339
338 340
338 343
338 345
338 348
338 351
338 352
338 357
338 364
338 369
338 373
338 376
338 400
338 408
338 433
338 471
338 507
338 528
338 604
338 676
338 1003
339 340
339 342
339 344
339 346
339 348
339 350
339 354
339 360
339 372
339 384
339 394
339 438
339 452
339 504
339 678
339 782
339 834
340 341
340 342
340 344
340 345
340 348
340 350
340 353
340 356
340 357
340 359
340 360
340 366
340 374
340 378
340 392
340 408
340 416
340 423
340 425
340 506
340 510
340 587
340 672
340 680
340 834
340 1004
340 1328
341 342
341 352
341 358
341 370
341 372
341 682
341 834
342 343
342 344
342 345
342 348
342 349
342 351
342 355
342 356
342 359
342 360
342 361
342 363
342 368
342 376
342 380
342 381
342 383
342 384
342 393
342 399
342 420
342 424
342 444
342 456
342 465
342 513
342 563
342 588
342 684
342 784
342 1005
343 344
343 348
343 350
343 368
343 392
343 396
343 608
343 686
343 834
344 345
344 346
344 348
344 349
344 351
344 352
344 354
344 358
344 364
344 372
344 379
344 387
344 393
344 414
344 430
344 442
344 484
344 516
344 540
344 589
344 675
344 688
344 834
344 1006
344 1324
345 346
345 348
345 350
345 352
345 354
345 360
345 366
345 368
345 372
345 394
345 408
345 414
345 460
345 492
345 508
345 534
345 690
345 786
345 834
346 347
346 348
346 353
346 360
346 407
346 468
346 519
346 692
346 1007
347 348
347 694
347 834
348 349
348 350
348 351
348 352
348 353
348 354
348 356
348 357
348 358
348 359
348 360
348 363
348 366
348 368
348 370
348 372
348 375
348 377
348 378
348 381
348 384
348 388
348 392
348 402
348 403
348 406
348 408
348 414
348 420
348 429
348 435
348 436
348 456
348 458
348 464
348 468
348 480
348 510
348 513
348 522
348 568
348 591
348 612
348 672
348 678
348 696
348 788
348 834
348 1008
348 1320
349 350
349 354
349 356
349 446
349 698
349 834
350 351
350 352
350 355
350 357
350 360
350 361
350 364
350 372
350 375
350 385
350 400
350 420
350 471
350 525
350 592
350 700
350 1009
351 352
351 354
351 358
351 360
351 364
351 372
351 374
351 378
351 390
351 420
351 468
351 512
351 702
351 790
351 834
352 353
352 354
352 356
352 359
352 360
352 363
352 366
352 368
352 374
352 380
352 384
352 396
352 399
352 440
352 446
352 528
352 540
352 593
352 681
352 704
352 834
352 1010
352 1316
353 354
353 358
353 360
353 366
353 390
353 616
353 706
353 834
354 355
354 356
354 357
354 359
354 360
354 363
354 364
354 369
354 372
354 384
354 413
354 427
354 472
354 500
354 531
354 573
354 708
354 792
354 1011
355 356
355 360
355 368
355 426
355 456
355 710
355 834
356 357
356 358
356 360
356 363
356 364
356 370
356 372
356 384
356 388
356 397
356 412
356 438
356 445
356 520
356 534
356 595
356 684
356 712
356 834
356 1012
356 1312
357 358
357 360
357 364
357 366
357 374
357 376
357 378
357 380
357 408
357 410
357 414
357 426
357 476
357 516
357 714
357 794
357 834
358 359
358 360
358 363
358 365
358 368
358 372
358 375
358 392
358 477
358 489
358 537
358 596
358 620
358 716
358 1013
359 360
359 364
359 366
359 370
359 376
359 378
359 384
359 436
359 454
359 478
359 546
359 718
359 834
360 361
360 362
360 363
360 364
360 365
360 366
360 367
360 368
360 369
360 370
360 372
360 374
360 375
360 378
360 380
360 381
360 384
360 388
360 390
360 396
360 400
360 402
360 405
360 416
360 420
360 432
360 439
360 444
360 450
360 469
360 480
360 518
360 528
360 540
360 578
360 597
360 676
360 687
360 720
360 796
360 834
360 1014
360 1308
361 362
361 372
361 380
361 404
361 722
361 834
362 363
362 364
362 421
362 480
362 543
362 724
362 1015
363 364
363 366
363 368
363 370
363 372
363 374
363 378
363 384
363 392
363 396
363 408
363 450
363 484
363 508
363 520
363 624
363 726
363 798
363 834
364 365
364 366
364 368
364 369
364 371
364 372
364 374
364 377
364 378
364 384
364 390
364 392
364 411
364 416
364 455
364 458
364 527
364 546
364 552
364 599
364 690
364 728
364 834
364 1016
364 1304
365 366
365 370
365 372
365 432
365 438
365 730
365 834
366 367
366 368
366 369
366 372
366 373
366 375
366 379
366 380
366 384
366 387
366 392
366 397
366 405
366 408
366 427
366 428
366 444
366 459
366 483
366 488
366 549
366 552
366 583
366 600
366 732
366 800
366 1017
367 368
367 374
367 734
367 834
368 369
368 370
368 372
368 373
368 376
368 378
368 381
368 384
368 388
368 391
368 393
368 394
368 414
368 418
368 420
368 433
368 460
368 468
368 498
368 552
368 601
368 628
368 693
368 736
368 834
368 1018
368 1300
369 370
369 372
369 374
369 378
369 384
369 400
369 410
369 462
369 492
369 524
369 738
369 802
369 834
370 371
370 372
370 375
370 377
370 380
370 381
370 384
370 392
370 399
370 407
370 428
370 429
370 444
370 488
370 555
370 740
370 1019
371 372
371 378
371 424
371 742
371 834
372 373
372 374
372 375
372 376
372 378
372 379
372 380
372 381
372 383
372 384
372 386
372 388
372 390
372 393
372 394
372 396
372 399
372 400
372 403
372 405
372 408
372 414
372 416
372 420
372 426
372 434
372 438
372 444
372 449
372 453
372 456
372 465
372 480
372 496
372 504
372 516
372 526
372 534
372 558
372 588
372 603
372 680
372 696
372 744
372 804
372 834
372 1020
372 1296
373 374
373 378
373 380
373 408
373 410
373 558
373 632
373 746
373 834
374 375
374 376
374 379
374 381
374 384
374 385
374 388
374 391
374 396
374 397
374 408
374 420
374 489
374 561
374 604
374 748
374 1021
375 376
375 378
375 380
375 384
375 390
375 392
375 400
375 402
375 426
375 450
375 500
375 528
375 750
375 806
375 834
376 377
376 378
376 380
376 384
376 393
376 395
376 410
376 414
376 423
376 444
376 452
376 470
376 564
376 605
376 699
376 752
376 834
376 1022
376 1292
377 378
377 384
377 390
377 406
377 754
377 834
378 379
378 380
378 381
378 383
378 384
378 385
378 387
378 388
378 392
378 393
378 396
378 397
378 399
378 405
378 408
378 416
378 420
378 421
378 432
378 435
378 441
378 464
378 492
378 504
378 507
378 567
378 593
378 636
378 756
378 808
378 1023
379 380
379 384
379 386
379 392
379 414
379 444
379 470
379 758
379 834
380 381
380 382
380 384
380 385
380 387
380 388
380 390
380 394
380 399
380 400
380 403
380 408
380 418
380 426
380 436
380 456
380 472
380 475
380 541
380 564
380 570
380 607
380 702
380 760
380 834
380 1024
380 1288
381 382
381 384
381 388
381 390
381 392
381 394
381 402
381 414
381 420
381 480
381 498
381 508
381 524
381 532
381 762
381 810
381 834
382 383
382 384
382 495
382 573
382 608
382 764
382 1025
383 384
383 388
383 394
383 424
383 640
383 766
383 834
384 385
384 386
384 387
384 388
384 389
384 390
384 391
384 392
384 393
384 394
384 396
384 398
384 399
384 400
384 402
384 404
384 405
384 408
384 409
384 412
384 414
384 416
384 420
384 426
384 429
384 432
384 434
384 440
384 444
384 448
384 456
384 459
384 468
384 474
384 480
384 484
384 491
384 512
384 528
384 534
384 552
384 564
384 576
384 598
384 609
384 684
384 705
384 768
384 812
384 834
384 1026
384 1284
385 386
385 390
385 392
385 396
385 420
385 440
385 462
385 770
385 834
386 387
386 388
386 393
386 400
386 579
386 772
386 1027
387 388
387 390
387 394
387 396
387 408
387 430
387 448
387 516
387 536
387 570
387 774
387 814
387 834
388 389
388 390
388 392
388 393
388 395
388 396
388 398
388 402
388 404
388 408
388 416
388 420
388 428
388 444
388 452
388 468
388 485
388 516
388 548
388 582
388 611
388 644
388 708
388 776
388 834
388 1028
388 1280
389 390
389 394
389 478
389 778
389 834
390 391
390 392
390 393
390 395
390 396
390 399
390 400
390 403
390 405
390 408
390 416
390 420
390 427
390 429
390 455
390 461
390 464
390 468
390 501
390 520
390 532
390 585
390 603
390 612
390 780
390 816
390 1029
391 392
391 398
391 408
391 414
391 782
391 834
392 393
392 394
392 396
392 399
392 400
392 403
392 405
392 406
392 409
392 414
392 418
392 420
392 421
392 426
392 436
392 441
392 444
392 448
392 450
392 460
392 490
392 508
392 588
392 613
392 711
392 784
392 834
392 1030
392 1276
393 394
393 396
393 398
393 400
393 402
393 408
393 410
393 414
393 418
393 442
393 444
393 456
393 468
393 478
393 524
393 540
393 648
393 786
393 818
393 834
394 395
394 396
394 399
394 401
394 404
394 405
394 407
394 408
394 416
394 420
394 443
394 449
394 485
394 492
394 504
394 576
394 591
394 788
394 1031
395 396
395 400
395 402
395 414
395 462
395 474
395 790
395 834
396 397
396 398
396 399
396 400
396 402
396 404
396 405
396 407
396 408
396 414
396 418
396 420
396 429
396 432
396 440
396 449
396 462
396 469
396 495
396 502
396 528
396 542
396 555
396 594
396 608
396 615
396 688
396 714
396 792
396 820
396 834
396 1032
396 1272
397 398
397 416
397 420
397 428
397 438
397 794
397 834
398 399
398 400
398 403
398 405
398 408
398 412
398 507
398 525
398 597
398 616
398 652
398 796
398 1033
399 400
399 402
399 404
399 406
399 408
399 414
399 418
399 420
399 426
399 428
399 446
399 456
399 486
399 532
399 540
399 544
399 798
399 822
399 834
400 401
400 402
400 404
400 405
400 407
400 408
400 410
400 414
400 416
400 420
400 425
400 428
400 431
400 440
400 450
400 462
400 480
400 500
400 524
400 600
400 617
400 717
400 800
400 834
400 1034
400 1268
401 402
401 408
401 582
401 802
401 834
402 403
402 404
402 405
402 408
402 409
402 411
402 416
402 420
402 423
402 429
402 444
402 456
402 469
402 536
402 603
402 613
402 804
402 824
402 1035
403 404
403 408
403 414
403 416
403 426
403 434
403 458
403 518
403 656
403 806
403 834
404 405
404 406
404 408
404 409
404 412
404 414
404 420
404 424
404 447
404 483
404 490
404 505
404 562
404 576
404 606
404 619
404 720
404 808
404 834
404 1036
404 1264
405 406
405 408
405 410
405 412
405 414
405 416
405 418
405 420
405 426
405 432
405 438
405 444
405 450
405 486
405 540
405 548
405 810
405 826
405 834
406 407
406 408
406 413
406 420
406 435
406 464
406 513
406 609
406 620
406 812
406 1037
407 408
407 414
407 418
407 420
407 444
407 468
407 504
407 814
407 834
408 409
408 410
408 411
408 412
408 413
408 414
408 415
408 416
408 417
408 418
408 420
408 422
408 423
408 425
408 426
408 428
408 429
408 432
408 436
408 438
408 442
408 443
408 444
408 450
408 453
408 459
408 468
408 471
408 476
408 478
408 479
408 492
408 498
408 510
408 513
408 534
408 544
408 548
408 550
408 588
408 612
408 618
408 621
408 660
408 692
408 723
408 816
408 828
408 834
408 1038
408 1260
409 410
409 414
409 416
409 426
409 434
409 494
409 818
409 834
410 411
410 412
410 415
410 420
410 427
410 444
410 447
410 451
410 463
410 484
410 492
410 516
410 615
410 820
410 1039
411 412
411 414
411 420
411 458
411 548
411 552
411 822
411 830
411 834
412 413
412 414
412 416
412 419
412 420
412 426
412 440
412 468
412 515
412 569
412 618
412 623
412 726
412 824
412 834
412 1040
412 1256
413 414
413 418
413 420
413 472
413 664
413 826
413 834
414 415
414 416
414 417
414 419
414 420
414 421
414 423
414 424
414 425
414 428
414 429
414 432
414 433
414 435
414 436
414 437
414 444
414 447
414 449
414 452
414 456
414 460
414 471
414 480
414 483
414 484
414 519
414 528
414 552
414 621
414 623
414 624
414 828
414 832
414 1041
415 416
415 420
415 422
415 498
415 594
415 830
415 834
416 417
416 418
416 420
416 423
416 424
416 427
416 429
416 430
416 432
416 435
416 438
416 442
416 444
416 448
416 454
416 460
416 468
416 472
416 492
416 520
416 624
416 625
416 729
416 832
416 834
416 1042
416 1252
417 418
417 420
417 426
417 556
417 834
418 419
418 420
418 423
418 428
418 429
418 431
418 437
418 440
418 443
418 444
418 456
418 468
418 543
418 627
418 668
418 836
418 1043
419 420
419 424
419 426
419 502
419 834
419 838
420 421
420 422
420 423
420 424
420 425
420 426
420 427
420 428
420 429
420 430
420 432
420 433
420 434
420 435
420 436
420 438
420 440
420 441
420 443
420 444
420 446
420 448
420 450
420 452
420 455
420 456
420 459
420 462
420 466
420 468
420 472
420 480
420 489
420 490
420 492
420 498
420 504
420 512
420 516
420 524
420 525
420 558
420 560
420 564
420 576
420 627
420 628
420 630
420 696
420 732
420 834
420 836
420 840
420 1044
420 1248
421 422
421 428
421 450
421 464
421 480
421 834
421 842
422 423
422 424
422 429
422 436
422 511
422 525
422 600
422 628
422 633
422 844
422 1045
423 424
423 426
423 428
423 430
423 432
423 438
423 444
423 470
423 506
423 560
423 564
423 672
423 834
423 838
423 846
424 425
424 426
424 428
424 429
424 432
424 434
424 444
424 465
424 477
424 506
424 530
424 588
424 629
424 636
424 735
424 834
424 848
424 1046
424 1244
425 426
425 430
425 436
425 442
425 450
425 510
425 538
425 834
425 850
426 427
426 428
426 429
426 432
426 433
426 435
426 440
426 443
426 444
426 447
426 449
426 453
426 460
426 468
426 472
426 477
426 480
426 495
426 497
426 528
426 564
426 568
426 633
426 639
426 840
426 852
426 1047
427 428
427 434
427 438
427 444
427 464
427 488
427 500
427 834
427 854
428 429
428 430
428 432
428 433
428 435
428 436
428 438
428 442
428 448
428 456
428 457
428 459
428 468
428 486
428 490
428 535
428 544
428 552
428 583
428 631
428 642
428 676
428 738
428 834
428 856
428 1048
428 1240
429 430
429 432
429 434
429 436
429 438
429 440
429 442
429 444
429 450
429 456
429 462
429 468
429 474
429 488
429 510
429 564
429 572
429 606
429 834
429 842
429 858
430 431
430 432
430 435
430 437
430 440
430 444
430 473
430 516
430 531
430 632
430 645
430 860
430 1049
431 432
431 444
431 462
431 834
431 862
432 433
432 434
432 435
432 436
432 438
432 440
432 441
432 444
432 448
432 450
432 456
432 459
432 468
432 480
432 486
432 499
432 504
432 535
432 540
432 566
432 576
432 633
432 638
432 648
432 700
432 741
432 834
432 844
432 864
432 1050
432 1236
433 434
433 438
433 440
433 446
433 452
433 498
433 528
433 680
433 834
433 866
434 435
434 436
434 439
434 441
434 444
434 448
434 459
434 465
434 484
434 496
434 651
434 868
434 1051
435 436
435 438
435 440
435 442
435 444
435 450
435 454
435 456
435 464
435 492
435 522
435 568
435 572
435 580
435 834
435 846
435 870
436 437
436 438
436 440
436 443
436 444
436 447
436 450
436 452
436 458
436 464
436 480
436 492
436 513
436 524
436 545
436 548
436 590
436 612
436 635
436 654
436 744
436 834
436 872
436 1052
436 1232
437 438
437 444
437 456
437 460
437 834
437 874
438 439
438 440
438 441
438 443
438 444
438 447
438 448
438 449
438 453
438 456
438 460
438 468
438 471
438 479
438 504
438 511
438 520
438 537
438 561
438 584
438 636
438 643
438 657
438 684
438 848
438 876
438 1053
439 440
439 444
439 518
439 834
439 878
440 441
440 442
440 444
440 445
440 447
440 448
440 450
440 451
440 454
440 460
440 462
440 468
440 480
440 484
440 495
440 496
440 528
440 550
440 637
440 660
440 747
440 834
440 880
440 1054
440 1228
441 442
441 444
441 448
441 450
441 462
441 490
441 504
441 572
441 588
441 834
441 850
441 882
442 443
442 444
442 449
442 455
442 456
442 459
442 468
442 476
442 491
442 540
442 663
442 884
442 1055
443 444
443 448
443 450
443 460
443 466
443 468
443 478
443 492
443 618
443 688
443 834
443 886
444 445
444 446
444 447
444 448
444 449
444 450
444 451
444 452
444 453
444 454
444 456
444 457
444 458
444 459
444 461
444 462
444 464
444 465
444 468
444 470
444 472
444 474
444 478
444 480
444 481
444 483
444 486
444 495
444 496
444 500
444 504
444 509
444 512
444 516
444 518
444 522
444 528
444 546
444 555
444 574
444 580
444 592
444 597
444 600
444 612
444 639
444 648
444 666
444 704
444 750
444 834
444 852
444 888
444 1056
444 1224
445 446
445 450
445 534
445 834
445 890
446 447
446 448
446 459
446 472
446 493
446 540
446 543
446 640
446 669
446 892
446 1057
447 448
447 450
447 454
447 456
447 458
447 468
447 480
447 484
447 490
447 558
447 576
447 596
447 834
447 854
447 894
448 449
448 450
448 452
448 453
448 455
448 456
448 458
448 462
448 464
448 468
448 476
448 480
448 504
448 509
448 512
448 560
448 570
448 641
448 672
448 692
448 753
448 834
448 896
448 1058
448 1220
449 450
449 454
449 456
449 460
449 472
449 484
449 502
449 504
449 526
449 834
449 898
450 451
450 452
450 453
450 455
450 456
450 457
450 459
450 460
450 464
450 465
450 468
450 471
450 475
450 479
450 480
450 492
450 495
450 500
450 508
450 525
450 537
450 540
450 600
450 624
450 653
450 675
450 856
450 900
450 1059
451 452
451 458
451 462
451 492
451 834
451 902
452 453
452 454
452 456
452 460
452 468
452 471
452 484
452 490
452 516
452 528
452 565
452 604
452 643
452 678
452 756
452 834
452 904
452 1060
452 1216
453 454
453 456
453 458
453 462
453 468
453 480
453 498
453 534
453 580
453 588
453 604
453 696
453 834
453 858
453 906
454 455
454 456
454 459
454 461
454 464
454 468
454 473
454 492
454 549
454 644
454 681
454 908
454 1061
455 456
455 460
455 462
455 468
455 490
455 520
455 546
455 834
455 910
456 457
456 458
456 459
456 460
456 462
456 463
456 464
456 465
456 468
456 470
456 474
456 475
456 477
456 480
456 483
456 484
456 492
456 494
456 498
456 510
456 513
456 519
456 528
456 532
456 540
456 557
456 564
456 570
456 582
456 608
456 645
456 658
456 684
456 708
456 759
456 834
456 860
456 912
456 1062
456 1212
457 458
457 464
457 470
457 486
457 630
457 834
457 914
458 459
458 460
458 463
458 465
458 468
458 469
458 472
458 480
458 505
458 513
458 552
458 568
458 579
458 687
458 700
458 916
458 1063
459 460
459 462
459 464
459 468
459 472
459 474
459 476
459 484
459 486
459 490
459 498
459 510
459 534
459 552
459 584
459 612
459 834
459 862
459 918
460 461
460 462
460 464
460 465
460 468
460 470
460 471
460 477
460 480
460 482
460 483
460 494
460 504
460 506
460 528
460 552
460 575
460 611
460 647
460 690
460 762
460 834
460 920
460 1064
460 1208
461 462
461 468
461 478
461 532
461 834
461 922
462 463
462 464
462 465
462 468
462 469
462 471
462 473
462 476
462 480
462 483
462 484
462 493
462 495
462 504
462 524
462 528
462 529
462 539
462 555
462 596
462 616
462 648
462 663
462 693
462 864
462 924
462 1065
463 464
463 468
463 470
463 516
463 704
463 834
463 926
464 465
464 466
464 468
464 469
464 471
464 472
464 474
464 478
464 480
464 484
464 492
464 493
464 501
464 507
464 522
464 538
464 550
464 580
464 612
464 636
464 649
464 696
464 765
464 834
464 928
464 1066
464 1204
465 466
465 468
465 470
465 472
465 474
465 480
465 486
465 496
465 506
465 558
465 588
465 620
465 834
465 866
465 930
466 467
466 468
466 489
466 512
466 699
466 932
466 1067
467 468
467 834
467 934
468 469
468 470
468 471
468 472
468 473
468 474
468 475
468 476
468 477
468 478
468 480
468 481
468 482
468 483
468 484
468 486
468 488
468 489
468 492
468 493
468 494
468 496
468 498
468 504
468 507
468 508
468 510
468 516
468 518
468 520
468 524
468 528
468 529
468 543
468 546
468 548
468 552
468 568
468 585
468 588
468 590
468 618
468 624
468 636
468 651
468 668
468 702
468 708
468 712
468 768
468 834
468 868
468 936
468 1068
468 1200
469 470
469 474
469 476
469 480
469 536
469 542
469 578
469 834
469 938
470 471
470 472
470 475
470 477
470 480
470 483
470 484
470 496
470 517
470 561
470 564
470 652
470 705
470 940
470 1069
471 472
471 474
471 478
471 480
471 482
471 490
471 492
471 504
471 528
471 534
471 592
471 604
471 628
471 642
471 834
471 870
471 942
472 473
472 474
472 476
472 479
472 480
472 485
472 486
472 495
472 498
472 500
472 518
472 524
472 528
472 531
472 564
472 590
472 653
472 708
472 771
472 834
472 944
472 1070
472 1196
473 474
473 478
473 484
473 492
473 516
473 712
473 834
473 946
474 475
474 476
474 477
474 479
474 480
474 483
474 484
474 489
474 492
474 504
474 519
474 553
474 564
474 632
474 673
474 711
474 872
474 948
474 1071
475 476
475 480
475 482
475 494
475 500
475 570
475 834
475 950
476 477
476 478
476 480
476 483
476 484
476 490
476 493
476 504
476 510
476 544
476 595
476 625
476 655
476 714
476 774
476 834
476 952
476 1072
476 1192
477 478
477 480
477 484
477 486
477 494
477 498
477 528
477 530
477 596
477 636
477 834
477 874
477 954
478 479
478 480
478 483
478 485
478 488
478 492
478 495
478 512
478 513
478 548
478 563
478 567
478 597
478 648
478 656
478 716
478 717
478 956
478 1073
479 480
479 484
479 486
479 508
479 520
479 550
479 834
479 958
480 481
480 482
480 483
480 484
480 485
480 486
480 488
480 489
480 490
480 491
480 492
480 495
480 496
480 498
480 500
480 502
480 504
480 507
480 510
480 512
480 513
480 516
480 520
480 524
480 528
480 534
480 539
480 540
480 546
480 560
480 576
480 579
480 588
480 598
480 600
480 612
480 640
480 657
480 678
480 716
480 720
480 777
480 834
480 876
480 960
480 1074
480 1188
481 482
481 494
481 518
481 834
481 962
482 483
482 484
482 489
482 493
482 496
482 504
482 723
482 964
482 1075
483 484
483 486
483 488
483 490
483 492
483 496
483 498
483 504
483 506
483 510
483 522
483 552
483 562
483 600
483 644
483 720
483 834
483 878
483 966
484 485
484 486
484 488
484 489
484 491
484 492
484 494
484 495
484 498
484 500
484 504
484 506
484 509
484 512
484 516
484 519
484 521
484 528
484 534
484 554
484 558
484 584
484 605
484 624
484 632
484 659
484 726
484 780
484 834
484 968
484 1076
484 1184
485 486
485 490
485 492
485 498
485 576
485 582
485 654
485 834
485 970
486 487
486 488
486 489
486 492
486 493
486 495
486 500
486 504
486 507
486 513
486 515
486 528
486 540
486 544
486 567
486 573
486 648
486 660
486 683
486 729
486 880
486 972
486 1077
487 488
487 834
487 974
488 489
488 490
488 492
488 493
488 496
488 498
488 508
488 547
488 549
488 606
488 610
488 661
488 724
488 732
488 783
488 834
488 976
488 1078
488 1180
489 490
489 492
489 494
489 496
489 498
489 504
489 510
489 512
489 558
489 604
489 620
489 652
489 834
489 882
489 978
490 491
490 492
490 495
490 497
490 500
490 504
490 509
490 521
490 525
490 528
490 533
490 539
490 552
490 560
490 576
490 588
490 735
490 980
490 1079
491 492
491 498
491 502
491 540
491 598
491 834
491 982
492 493
492 494
492 495
492 496
492 498
492 499
492 500
492 501
492 504
492 506
492 510
492 511
492 513
492 516
492 520
492 528
492 530
492 533
492 534
492 541
492 548
492 549
492 564
492 568
492 574
492 576
492 590
492 606
492 615
492 639
492 656
492 660
492 663
492 688
492 720
492 738
492 786
492 834
492 884
492 984
492 1080
492 1176
493 494
493 498
493 500
493 504
493 510
493 518
493 522
493 524
493 540
493 728
493 834
493 986
494 495
494 496
494 499
494 504
494 507
494 511
494 513
494 520
494 528
494 532
494 579
494 664
494 741
494 988
494 1081
495 496
495 498
495 500
495 504
495 506
495 510
495 512
495 518
495 528
495 540
495 546
495 550
495 564
495 594
495 608
495 660
495 834
495 886
495 990
496 497
496 498
496 500
496 503
496 504
496 509
496 510
496 512
496 522
496 524
496 527
496 548
496 552
496 558
496 620
496 665
496 744
496 789
496 834
496 992
496 1082
496 1172
497 498
497 504
497 568
497 834
497 994
498 499
498 500
498 501
498 503
498 504
498 505
498 507
498 508
498 511
498 512
498 513
498 516
498 519
498 524
498 528
498 537
498 540
498 543
498 563
498 576
498 581
498 588
498 615
498 628
498 664
498 693
498 732
498 747
498 888
498 996
498 1083
499 500
499 504
499 506
499 566
499 666
499 834
499 998
500 501
500 502
500 504
500 505
500 507
500 508
500 510
500 514
500 516
500 520
500 525
500 528
500 550
500 556
500 573
500 600
500 625
500 646
500 667
500 750
500 792
500 834
500 1000
500 1084
500 1168
501 502
501 504
501 510
501 538
501 612
501 668
501 834
501 890
501 1002
502 503
502 504
502 513
502 524
502 555
502 585
502 608
502 668
502 753
502 1004
502 1085
503 504
503 508
503 510
503 736
503 834
503 1006
504 505
504 506
504 507
504 508
504 509
504 510
504 511
504 512
504 513
504 514
504 515
504 516
504 518
504 519
504 522
504 524
504 525
504 526
504 528
504 532
504 534
504 537
504 540
504 546
504 548
504 559
504 560
504 564
504 567
504 570
504 576
504 588
504 601
504 614
504 630
504 636
504 669
504 672
504 698
504 724
504 756
504 795
504 834
504 892
504 1008
504 1086
504 1164
505 506
505 510
505 512
505 552
505 606
505 834
505 1010
506 507
506 508
506 513
506 517
506 520
506 528
506 529
506 547
506 552
506 588
506 589
506 672
506 759
506 1012
506 1087
507 508
507 510
507 514
507 516
507 520
507 528
507 534
507 546
507 550
507 616
507 636
507 676
507 834
507 894
507 1014
508 509
508 510
508 512
508 513
508 516
508 518
508 528
508 537
508 548
508 566
508 624
508 635
508 653
508 671
508 740
508 762
508 798
508 834
508 1016
508 1088
508 1160
509 510
509 514
509 522
509 528
509 534
509 570
509 574
509 834
509 1018
510 511
510 512
510 513
510 515
510 516
510 517
510 519
510 520
510 524
510 525
510 527
510 528
510 531
510 537
510 540
510 544
510 552
510 561
510 564
510 591
510 595
510 612
510 672
510 680
510 703
510 765
510 896
510 1020
510 1089
511 512
511 518
511 524
511 528
511 530
511 584
511 600
511 834
511 1022
512 513
512 514
512 516
512 519
512 520
512 526
512 528
512 529
512 535
512 540
512 544
512 546
512 558
512 576
512 580
512 604
512 640
512 673
512 768
512 801
512 834
512 1024
512 1090
512 1156
513 514
513 516
513 518
513 520
513 522
513 524
513 528
513 532
513 534
513 540
513 546
513 548
513 568
513 570
513 590
513 618
513 620
513 678
513 684
513 744
513 834
513 898
513 1026
514 515
514 516
514 519
514 521
514 524
514 528
514 771
514 1028
514 1091
515 516
515 520
515 526
515 544
515 618
515 834
515 1030
516 517
516 518
516 519
516 520
516 522
516 524
516 525
516 528
516 532
516 534
516 540
516 548
516 552
516 559
516 564
516 569
516 580
516 588
516 602
516 612
516 622
516 644
516 645
516 660
516 675
516 688
516 708
516 728
516 774
516 804
516 834
516 900
516 1032
516 1092
516 1152
517 518
517 524
517 528
517 564
517 834
517 1034
518 519
518 520
518 523
518 525
518 528
518 532
518 541
518 543
518 555
518 564
518 568
518 592
518 597
518 633
518 676
518 748
518 777
518 1036
518 1093
519 520
519 522
519 524
519 526
519 528
519 534
519 540
519 554
519 564
519 582
519 624
519 692
519 834
519 902
519 1038
520 521
520 522
520 524
520 525
520 527
520 528
520 530
520 533
520 534
520 540
520 546
520 548
520 560
520 561
520 572
520 585
520 602
520 624
520 650
520 677
520 684
520 780
520 807
520 834
520 1040
520 1094
520 1148
521 522
521 528
521 552
521 558
521 834
521 1042
522 523
522 524
522 525
522 528
522 531
522 535
522 540
522 548
522 551
522 561
522 580
522 600
522 609
522 696
522 713
522 783
522 904
522 1044
522 1095
523 524
523 528
523 752
523 834
523 1046
524 525
524 526
524 528
524 529
524 531
524 532
524 534
524 535
524 537
524 538
524 544
524 546
524 550
524 552
524 555
524 568
524 576
524 580
524 586
524 612
524 628
524 648
524 655
524 667
524 679
524 786
524 810
524 834
524 1048
524 1096
524 1144
525 526
525 528
525 530
525 532
525 534
525 540
525 546
525 550
525 560
525 600
525 628
525 630
525 652
525 700
525 834
525 906
525 1050
526 527
526 528
526 533
526 537
526 540
526 548
526 603
526 680
526 789
526 1052
526 1097
527 528
527 534
527 544
527 558
527 690
527 834
527 1054
528 529
528 530
528 531
528 532
528 533
528 534
528 535
528 536
528 537
528 538
528 539
528 540
528 542
528 543
528 544
528 545
528 546
528 547
528 548
528 549
528 550
528 552
528 556
528 558
528 561
528 562
528 564
528 566
528 570
528 572
528 576
528 579
528 584
528 585
528 588
528 594
528 596
528 600
528 604
528 612
528 616
528 623
528 630
528 642
528 660
528 672
528 681
528 696
528 704
528 718
528 732
528 756
528 792
528 813
528 834
528 908
528 1056
528 1098
528 1140
529 530
529 534
529 546
529 552
529 590
529 596
529 834
529 1058
530 531
530 532
530 535
530 540
530 549
530 568
530 583
530 636
530 795
530 1060
530 1099
531 532
531 534
531 538
531 540
531 552
531 590
531 632
531 708
531 834
531 910
531 1062
532 533
532 534
532 536
532 539
532 540
532 546
532 548
532 551
532 560
532 570
532 603
532 608
532 665
532 674
532 683
532 798
532 816
532 834
532 1064
532 1100
532 1136
533 534
533 538
533 540
533 546
533 574
533 576
533 760
533 834
533 1066
534 535
534 536
534 537
534 539
534 540
534 541
534 543
534 544
534 548
534 549
534 552
534 555
534 559
534 561
534 564
534 576
534 584
534 588
534 597
534 609
534 615
534 623
534 660
534 684
534 696
534 712
534 723
534 801
534 912
534 1068
534 1101
535 536
535 540
535 542
535 546
535 548
535 558
535 638
535 642
535 834
535 1070
536 537
536 538
536 540
536 544
536 603
536 670
536 685
536 804
536 819
536 834
536 1072
536 1102
536 1132
537 538
537 540
537 546
537 548
537 550
537 564
537 566
537 570
537 576
537 624
537 636
537 716
537 834
537 914
537 1074
538 539
538 540
538 543
538 545
538 548
538 552
538 575
538 612
538 651
538 764
538 807
538 1076
538 1103
539 540
539 544
539 546
539 550
539 588
539 598
539 616
539 834
539 1078
540 541
540 542
540 543
540 544
540 545
540 546
540 547
540 548
540 549
540 550
540 552
540 554
540 555
540 558
540 560
540 561
540 564
540 567
540 568
540 570
540 576
540 582
540 585
540 587
540 589
540 594
540 600
540 624
540 630
540 634
540 638
540 648
540 675
540 681
540 687
540 720
540 728
540 736
540 810
540 822
540 834
540 916
540 1080
540 1104
540 1128
541 542
541 548
541 564
541 590
541 702
541 834
541 1082
542 543
542 544
542 549
542 556
542 615
542 688
542 813
542 1084
542 1105
543 544
543 546
543 548
543 552
543 558
543 568
543 588
543 618
543 640
543 668
543 724
543 768
543 834
543 918
543 1086
544 545
544 546
544 548
544 549
544 552
544 554
544 560
544 561
544 564
544 573
544 576
544 578
544 602
544 612
544 660
544 680
544 689
544 816
544 825
544 834
544 1088
544 1106
544 1124
545 546
545 550
545 552
545 562
545 654
545 834
545 1090
546 547
546 548
546 549
546 552
546 553
546 555
546 557
546 559
546 560
546 563
546 564
546 567
546 568
546 572
546 579
546 580
546 585
546 588
546 597
546 612
546 624
546 637
546 648
546 728
546 733
546 819
546 920
546 1092
546 1107
547 548
547 554
547 566
547 588
547 606
547 834
547 1094
548 549
548 550
548 552
548 553
548 555
548 556
548 558
548 559
548 561
548 562
548 564
548 568
548 570
548 574
548 576
548 580
548 583
548 588
548 592
548 600
548 604
548 618
548 628
548 660
548 685
548 688
548 691
548 708
548 772
548 822
548 828
548 834
548 1096
548 1108
548 1120
549 550
549 552
549 554
549 556
549 558
549 564
549 568
549 570
549 606
549 610
549 644
549 732
549 834
549 922
549 1098
550 551
550 552
550 555
550 560
550 561
550 563
550 572
550 575
550 576
550 593
550 600
550 605
550 621
550 636
550 660
550 692
550 825
550 1100
550 1109
551 552
551 570
551 580
551 834
551 1102
552 553
552 554
552 555
552 556
552 558
552 559
552 560
552 561
552 564
552 566
552 570
552 573
552 575
552 576
552 580
552 583
552 588
552 594
552 598
552 599
552 608
552 614
552 621
552 636
552 644
552 645
552 646
552 676
552 690
552 693
552 720
552 736
552 738
552 740
552 828
552 831
552 834
552 924
552 1104
552 1110
552 1116
553 554
553 558
553 560
553 632
553 776
553 834
553 1106
554 555
554 556
554 559
554 561
554 564
554 568
554 589
554 624
554 831
554 1108
554 1111
555 556
555 558
555 560
555 562
555 564
555 570
555 576
555 586
555 592
555 608
555 648
555 666
555 714
555 740
555 834
555 926
555 1110
556 557
556 558
556 560
556 563
556 564
556 570
556 584
556 612
556 695
556 834
556 1112
556 1529
557 558
557 568
557 658
557 834
557 1114
558 559
558 560
558 561
558 563
558 564
558 567
558 568
558 573
558 576
558 581
558 588
558 589
558 595
558 604
558 620
558 627
558 632
558 651
558 669
558 696
558 743
558 744
558 780
558 837
558 928
558 1113
558 1116
559 560
559 564
559 566
559 570
559 572
559 584
559 602
559 614
559 834
559 1118
560 561
560 562
560 564
560 565
560 567
560 568
560 570
560 574
560 576
560 580
560 588
560 595
560 600
560 616
560 630
560 640
560 672
560 697
560 700
560 834
560 837
560 840
560 1108
560 1114
560 1120
561 562
561 564
561 568
561 570
561 572
561 574
561 578
561 582
561 588
561 594
561 600
561 602
561 612
561 652
561 684
561 748
561 834
561 930
561 1122
562 563
562 564
562 569
562 576
562 579
562 596
562 641
562 720
562 843
562 1115
562 1124
563 564
563 568
563 570
563 576
563 580
563 628
563 648
563 784
563 834
563 1126
564 565
564 566
564 567
564 568
564 569
564 570
564 572
564 573
564 574
564 576
564 579
564 580
564 582
564 584
564 587
564 588
564 591
564 594
564 600
564 609
564 610
564 611
564 612
564 618
564 624
564 633
564 636
564 654
564 656
564 658
564 672
564 699
564 702
564 705
564 708
564 744
564 748
564 752
564 834
564 840
564 846
564 932
564 1104
564 1116
564 1128
565 566
565 570
565 678
565 834
565 1130
566 567
566 568
566 573
566 580
566 585
566 595
566 604
566 624
566 633
566 700
566 849
566 1117
566 1132
567 568
567 570
567 574
567 576
567 588
567 594
567 630
567 648
567 656
567 756
567 834
567 934
567 1134
568 569
568 570
568 572
568 573
568 575
568 576
568 578
568 579
568 582
568 587
568 588
568 590
568 593
568 596
568 606
568 612
568 618
568 623
568 639
568 644
568 668
568 678
568 701
568 710
568 788
568 834
568 843
568 852
568 1100
568 1118
568 1136
569 570
569 574
569 576
569 622
569 726
569 834
569 1138
570 571
570 572
570 573
570 575
570 576
570 577
570 579
570 580
570 581
570 584
570 585
570 588
570 589
570 591
570 592
570 600
570 603
570 608
570 612
570 627
570 631
570 636
570 665
570 684
570 692
570 753
570 760
570 855
570 936
570 1119
570 1140
571 572
571 834
571 1142
572 573
572 574
572 576
572 580
572 583
572 585
572 594
572 598
572 616
572 624
572 703
572 709
572 715
572 834
572 846
572 858
572 1096
572 1120
572 1144
573 574
573 576
573 578
573 580
573 582
573 588
573 594
573 602
573 646
573 660
573 764
573 792
573 834
573 938
573 1146
574 575
574 576
574 579
574 581
574 584
574 587
574 588
574 600
574 615
574 639
574 656
574 704
574 861
574 1121
574 1148
575 576
575 580
575 582
575 598
575 600
575 612
575 690
575 834
575 1150
576 577
576 578
576 579
576 580
576 582
576 583
576 584
576 585
576 588
576 589
576 590
576 592
576 594
576 597
576 600
576 602
576 604
576 608
576 612
576 615
576 618
576 619
576 624
576 628
576 640
576 648
576 654
576 660
576 662
576 667
576 672
576 705
576 720
576 732
576 748
576 758
576 768
576 834
576 849
576 864
576 940
576 1092
576 1122
576 1152
577 578
577 584
577 834
577 1154
578 579
578 580
578 583
578 588
578 595
578 612
578 687
578 796
578 867
578 1123
578 1156
579 580
579 582
579 584
579 588
579 590
579 594
579 596
579 612
579 630
579 664
579 678
579 700
579 772
579 834
579 942
579 1158
580 581
580 582
580 584
580 585
580 587
580 588
580 590
580 594
580 596
580 597
580 600
580 608
580 609
580 612
580 614
580 636
580 638
580 644
580 648
580 696
580 707
580 716
580 725
580 834
580 852
580 870
580 1088
580 1124
580 1160
581 582
581 588
581 592
581 604
581 664
581 834
581 1162
582 583
582 584
582 585
582 588
582 589
582 591
582 596
582 600
582 603
582 624
582 645
582 679
582 708
582 763
582 776
582 873
582 944
582 1125
582 1164
583 584
583 588
583 590
583 594
583 614
583 618
583 636
583 738
583 800
583 834
583 1166
584 585
584 586
584 588
584 589
584 591
584 592
584 594
584 598
584 604
584 609
584 612
584 634
584 640
584 657
584 684
584 709
584 730
584 834
584 855
584 876
584 1084
584 1126
584 1168
585 586
585 588
585 590
585 594
585 598
585 600
585 604
585 624
585 630
585 642
585 650
585 668
585 702
585 780
585 834
585 946
585 1170
586 587
586 588
586 617
586 648
586 879
586 1127
586 1172
587 588
587 594
587 600
587 606
587 610
587 634
587 834
587 1174
588 589
588 590
588 591
588 592
588 593
588 594
588 595
588 596
588 597
588 598
588 600
588 602
588 603
588 606
588 608
588 609
588 612
588 615
588 616
588 618
588 624
588 628
588 629
588 630
588 633
588 637
588 642
588 648
588 660
588 670
588 672
588 678
588 686
588 696
588 708
588 711
588 723
588 735
588 752
588 768
588 784
588 804
588 834
588 858
588 882
588 948
588 1080
588 1128
588 1176
589 590
589 594
589 596
589 602
589 608
589 620
589 624
589 638
589 672
589 834
589 1178
590 591
590 592
590 595
590 597
590 600
590 601
590 604
590 612
590 639
590 649
590 651
590 667
590 688
590 708
590 712
590 744
590 885
590 1129
590 1180
591 592
591 594
591 598
591 600
591 612
591 618
591 672
591 788
591 834
591 950
591 1182
592 593
592 594
592 596
592 600
592 603
592 608
592 614
592 629
592 636
592 666
592 713
592 740
592 834
592 861
592 888
592 1076
592 1130
592 1184
593 594
593 598
593 618
593 636
593 808
593 834
593 1186
594 595
594 596
594 597
594 599
594 600
594 601
594 603
594 604
594 605
594 608
594 609
594 612
594 615
594 616
594 621
594 624
594 627
594 636
594 648
594 660
594 693
594 773
594 792
594 891
594 952
594 1131
594 1188
595 596
595 600
595 602
595 612
595 624
595 630
595 632
595 680
595 714
595 834
595 1190
596 597
596 598
596 600
596 603
596 604
596 610
596 612
596 613
596 624
596 630
596 663
596 664
596 715
596 730
596 745
596 834
596 864
596 894
596 1072
596 1132
596 1192
597 598
597 600
597 604
597 606
597 614
597 618
597 648
597 660
597 676
597 716
597 750
597 796
597 834
597 954
597 1194
598 599
598 600
598 603
598 605
598 608
598 611
598 612
598 621
598 624
598 644
598 657
598 705
598 716
598 812
598 897
598 1133
598 1196
599 600
599 604
599 646
599 834
599 1198
600 601
600 602
600 603
600 604
600 605
600 606
600 608
600 609
600 610
600 612
600 613
600 615
600 618
600 620
600 624
600 625
600 626
600 630
600 636
600 639
600 640
600 650
600 652
600 660
600 672
600 675
600 678
600 689
600 700
600 717
600 720
600 750
600 756
600 778
600 800
600 834
600 867
600 900
600 956
600 1068
600 1134
600 1200
601 602
601 608
601 612
601 698
601 834
601 1202
602 603
602 604
602 609
602 615
602 616
602 628
602 631
602 643
602 645
602 660
602 684
602 688
602 903
602 1135
602 1204
603 604
603 606
603 608
603 610
603 612
603 614
603 618
603 624
603 636
603 670
603 674
603 680
603 804
603 816
603 834
603 958
603 1206
604 605
604 606
604 608
604 609
604 611
604 612
604 614
604 618
604 623
604 624
604 627
604 632
604 642
604 650
604 660
604 680
604 696
604 719
604 737
604 755
604 756
604 834
604 870
604 906
604 1064
604 1136
604 1208
605 606
605 610
605 612
605 616
605 660
605 726
605 834
605 1210
606 607
606 608
606 609
606 612
606 615
606 624
606 625
606 644
606 663
606 665
606 707
606 720
606 724
606 783
606 808
606 909
606 960
606 1137
606 1212
607 608
607 834
607 1214
608 609
608 610
608 612
608 613
608 615
608 616
608 618
608 622
608 624
608 627
608 628
608 636
608 640
608 646
608 661
608 664
608 684
608 714
608 721
608 760
608 820
608 834
608 873
608 912
608 1060
608 1138
608 1216
609 610
609 612
609 614
609 616
609 618
609 624
609 630
609 634
609 638
609 654
609 684
609 696
609 812
609 834
609 962
609 1218
610 611
610 612
610 615
610 617
610 620
610 624
610 633
610 656
610 671
610 732
610 915
610 1139
610 1220
611 612
611 618
611 624
611 658
611 762
611 834
611 1222
612 613
612 614
612 615
612 616
612 618
612 619
612 620
612 621
612 623
612 624
612 626
612 628
612 629
612 630
612 633
612 634
612 636
612 640
612 644
612 645
612 646
612 648
612 649
612 654
612 656
612 660
612 663
612 668
612 678
612 680
612 686
612 696
612 700
612 708
612 714
612 723
612 744
612 760
612 765
612 780
612 788
612 816
612 834
612 876
612 918
612 964
612 1056
612 1140
612 1224
613 614
613 618
613 626
613 630
613 824
613 834
613 1226
614 615
614 616
614 619
614 624
614 625
614 631
614 636
614 645
614 648
614 669
614 676
614 724
614 921
614 1141
614 1228
615 616
615 618
615 620
615 622
615 624
615 628
615 630
615 636
615 642
615 654
615 656
615 688
615 696
615 732
615 738
615 820
615 834
615 966
615 1230
616 617
616 618
616 620
616 623
616 624
616 627
616 630
616 638
616 644
616 660
616 672
616 693
616 704
616 725
616 770
616 834
616 879
616 924
616 1052
616 1142
616 1232
617 618
617 624
617 648
617 834
617 1234
618 619
618 620
618 621
618 623
618 624
618 625
618 627
618 628
618 632
618 633
618 636
618 639
618 643
618 645
618 648
618 653
618 660
618 668
618 672
618 688
618 693
618 721
618 723
618 768
618 793
618 824
618 828
618 927
618 968
618 1143
618 1236
619 620
619 624
619 626
619 662
619 834
619 1238
620 621
620 622
620 624
620 625
620 628
620 630
620 640
620 651
620 682
620 727
620 744
620 751
620 775
620 834
620 882
620 930
620 1048
620 1144
620 1240
621 622
621 624
621 630
621 644
621 648
621 690
621 692
621 828
621 834
621 970
621 1242
622 623
622 624
622 629
622 636
622 675
622 728
622 933
622 1145
622 1244
623 624
623 628
623 630
623 634
623 642
623 678
623 712
623 718
623 832
623 834
623 1246
624 625
624 626
624 627
624 628
624 629
624 630
624 631
624 632
624 633
624 634
624 636
624 637
624 638
624 639
624 640
624 642
624 644
624 645
624 648
624 650
624 652
624 653
624 654
624 659
624 660
624 663
624 666
624 672
624 676
624 682
624 684
624 694
624 702
624 708
624 711
624 728
624 729
624 740
624 764
624 780
624 798
624 832
624 834
624 885
624 936
624 972
624 1044
624 1146
624 1248
625 626
625 630
625 632
625 636
625 644
625 650
625 750
625 774
625 834
625 1250
626 627
626 628
626 633
626 639
626 640
626 652
626 939
626 1147
626 1252
627 628
627 630
627 636
627 638
627 646
627 650
627 660
627 684
627 696
627 834
627 836
627 974
627 1254
628 629
628 630
628 632
628 633
628 636
628 638
628 641
628 644
628 648
628 654
628 668
628 680
628 693
628 708
628 731
628 732
628 758
628 785
628 834
628 836
628 888
628 942
628 1040
628 1148
628 1256
629 630
629 634
629 636
629 646
629 666
629 670
629 834
629 1258
630 631
630 632
630 633
630 635
630 636
630 637
630 639
630 640
630 644
630 645
630 647
630 648
630 651
630 660
630 664
630 665
630 672
630 675
630 681
630 693
630 700
630 720
630 732
630 735
630 756
630 803
630 840
630 945
630 976
630 1149
630 1260
631 632
631 638
631 648
631 660
631 692
631 834
631 1262
632 633
632 634
632 636
632 639
632 640
632 646
632 660
632 669
632 706
632 711
632 733
632 780
632 790
632 834
632 891
632 948
632 1036
632 1150
632 1264
633 634
633 636
633 638
633 640
633 642
633 648
633 654
633 656
633 678
633 700
633 702
633 748
633 834
633 840
633 844
633 978
633 1266
634 635
634 636
634 639
634 644
634 645
634 656
634 659
634 681
634 684
634 728
634 951
634 1151
634 1268
635 636
635 640
635 762
635 834
635 1270
636 637
636 638
636 639
636 640
636 642
636 643
636 644
636 645
636 647
636 648
636 650
636 654
636 657
636 658
636 660
636 664
636 669
636 672
636 678
636 679
636 680
636 689
636 692
636 702
636 708
636 720
636 722
636 735
636 742
636 765
636 768
636 795
636 804
636 808
636 834
636 848
636 894
636 954
636 980
636 1032
636 1152
636 1272
637 638
637 644
637 650
637 686
637 728
637 834
637 1274
638 639
638 640
638 643
638 645
638 648
638 649
638 652
638 660
638 667
638 687
638 696
638 736
638 741
638 844
638 957
638 1153
638 1276
639 640
639 642
639 644
639 646
639 648
639 652
639 654
639 660
639 678
639 688
639 704
639 710
639 786
639 834
639 852
639 982
639 1278
640 641
640 642
640 644
640 645
640 647
640 648
640 650
640 654
640 656
640 660
640 668
640 672
640 680
640 696
640 704
640 720
640 737
640 768
640 800
640 834
640 897
640 960
640 1028
640 1154
640 1280
641 642
641 654
641 720
641 834
641 1282
642 643
642 644
642 645
642 648
642 651
642 660
642 661
642 669
642 680
642 696
642 699
642 749
642 756
642 813
642 856
642 963
642 984
642 1155
642 1284
643 644
643 648
643 650
643 668
643 684
643 834
643 848
643 1286
644 645
644 646
644 648
644 649
644 651
644 652
644 654
644 658
644 660
644 663
644 664
644 667
644 672
644 676
644 682
644 690
644 708
644 720
644 736
644 739
644 772
644 805
644 834
644 900
644 966
644 1024
644 1156
644 1288
645 646
645 648
645 650
645 652
645 654
645 656
645 660
645 666
645 672
645 676
645 678
645 688
645 708
645 738
645 774
645 834
645 860
645 986
645 1290
646 647
646 648
646 653
646 660
646 663
646 665
646 680
646 684
646 693
646 719
646 740
646 792
646 969
646 1157
646 1292
647 648
647 654
647 658
647 664
647 834
647 1294
648 649
648 650
648 651
648 652
648 653
648 654
648 656
648 657
648 658
648 660
648 663
648 665
648 666
648 668
648 672
648 675
648 678
648 679
648 682
648 684
648 699
648 702
648 708
648 710
648 716
648 720
648 729
648 733
648 741
648 750
648 756
648 772
648 810
648 818
648 834
648 852
648 864
648 903
648 972
648 988
648 1020
648 1158
648 1296
649 650
649 654
649 660
649 686
649 708
649 834
649 1298
650 651
650 652
650 655
650 657
650 660
650 663
650 664
650 673
650 675
650 676
650 696
650 700
650 715
650 780
650 975
650 1159
650 1300
651 652
651 654
651 658
651 660
651 672
651 682
651 712
651 744
651 764
651 834
651 868
651 990
651 1302
652 653
652 654
652 656
652 659
652 660
652 665
652 666
652 678
652 680
652 704
652 743
652 779
652 815
652 834
652 906
652 978
652 1016
652 1160
652 1304
653 654
653 658
653 660
653 682
653 688
653 798
653 834
653 856
653 1306
654 655
654 656
654 657
654 659
654 660
654 661
654 663
654 664
654 667
654 668
654 669
654 672
654 675
654 680
654 684
654 693
654 696
654 699
654 732
654 744
654 763
654 823
654 872
654 981
654 992
654 1161
654 1308
655 656
655 660
655 786
655 834
655 1310
656 657
656 658
656 660
656 664
656 667
656 672
656 678
656 679
656 697
656 700
656 702
656 738
656 745
656 748
656 820
656 834
656 909
656 984
656 1012
656 1162
656 1312
657 658
657 660
657 664
657 666
657 678
657 716
657 730
657 834
657 876
657 994
657 1314
658 659
658 660
658 663
658 665
658 668
658 669
658 672
658 680
658 705
658 752
658 759
658 860
658 987
658 1163
658 1316
659 660
659 664
659 666
659 684
659 694
659 834
659 1318
660 661
660 662
660 663
660 664
660 665
660 666
660 667
660 668
660 669
660 670
660 671
660 672
660 674
660 675
660 676
660 678
660 680
660 681
660 682
660 684
660 688
660 689
660 690
660 693
660 696
660 702
660 704
660 708
660 715
660 716
660 718
660 720
660 723
660 726
660 732
660 744
660 747
660 770
660 772
660 776
660 786
660 792
660 804
660 825
660 828
660 834
660 880
660 912
660 990
660 996
660 1008
660 1164
660 1320
661 662
661 668
661 680
661 714
661 834
661 1322
662 663
662 664
662 705
662 748
662 993
662 1165
662 1324
663 664
663 666
663 668
663 672
663 676
663 678
663 680
663 682
663 702
663 714
663 720
663 730
663 834
663 864
663 884
663 998
663 1326
664 665
664 666
664 668
664 669
664 671
664 672
664 674
664 678
664 681
664 684
664 692
664 698
664 720
664 732
664 747
664 749
664 830
664 834
664 915
664 996
664 1004
664 1166
664 1328
665 666
665 670
665 672
665 678
665 682
665 684
665 700
665 724
665 760
665 798
665 834
665 1330
666 667
666 668
666 669
666 672
666 673
666 675
666 680
666 684
666 687
666 703
666 708
666 740
666 777
666 833
666 888
666 999
666 1000
666 1167
666 1332
667 668
667 674
667 678
667 680
667 690
667 696
667 744
667 758
667 810
667 834
667 1334
668 669
668 670
668 672
668 673
668 675
668 676
668 678
668 682
668 688
668 693
668 696
668 708
668 718
668 724
668 751
668 768
668 793
668 834
668 835
668 868
668 918
668 1000
668 1002
668 1168
668 1336
669 670
669 672
669 674
669 678
669 680
669 684
669 696
669 702
669 706
669 724
669 780
669 834
669 892
669 1002
669 1338
670 671
670 672
670 675
670 680
670 711
670 737
670 752
670 804
670 1005
670 1169
670 1340
671 672
671 678
671 682
671 732
671 834
671 1342
672 673
672 674
672 675
672 676
672 678
672 679
672 680
672 681
672 684
672 686
672 688
672 690
672 693
672 696
672 699
672 700
672 704
672 708
672 714
672 720
672 726
672 728
672 744
672 753
672 755
672 756
672 768
672 780
672 784
672 816
672 834
672 838
672 840
672 896
672 921
672 996
672 1004
672 1008
672 1170
672 1344
673 674
673 678
673 680
673 696
673 834
673 872
673 1346
674 675
674 676
674 679
674 681
674 684
674 688
674 745
674 816
674 1011
674 1171
674 1348
675 676
675 678
675 680
675 682
675 684
675 690
675 696
675 700
675 702
675 720
675 728
675 750
675 810
675 834
675 900
675 1006
675 1350
676 677
676 678
676 680
676 684
676 689
676 692
676 702
676 707
676 708
676 728
676 738
676 755
676 800
676 834
676 845
676 924
676 992
676 1014
676 1172
676 1352
677 678
677 834
677 1354
678 679
678 680
678 681
678 683
678 684
678 685
678 687
678 688
678 689
678 691
678 692
678 693
678 696
678 699
678 700
678 704
678 708
678 711
678 717
678 720
678 723
678 733
678 744
678 756
678 768
678 777
678 788
678 791
678 843
678 876
678 904
678 1008
678 1017
678 1173
678 1356
679 680
679 684
679 686
679 702
679 710
679 722
679 776
679 834
679 1358
680 681
680 682
680 684
680 685
680 687
680 688
680 690
680 691
680 693
680 694
680 697
680 699
680 700
680 702
680 706
680 708
680 714
680 718
680 720
680 724
680 732
680 748
680 756
680 757
680 765
680 816
680 834
680 850
680 927
680 988
680 1020
680 1174
680 1360
681 682
681 684
681 688
681 690
681 698
681 702
681 728
681 732
681 822
681 834
681 908
681 1010
681 1362
682 683
682 684
682 689
682 693
682 696
682 699
682 701
682 704
682 711
682 713
682 716
682 720
682 740
682 744
682 1023
682 1175
682 1364
683 684
683 688
683 834
683 880
683 1366
684 685
684 686
684 687
684 688
684 689
684 690
684 692
684 693
684 694
684 696
684 699
684 702
684 703
684 704
684 708
684 709
684 714
684 720
684 722
684 725
684 734
684 741
684 744
684 759
684 760
684 766
684 784
684 798
684 807
684 834
684 848
684 855
684 912
684 930
684 984
684 1012
684 1026
684 1176
684 1368
685 686
685 690
685 692
685 822
685 834
685 1370
686 687
686 688
686 693
686 700
686 723
686 735
686 760
686 784
686 1029
686 1177
686 1372
687 688
687 690
687 694
687 696
687 708
687 736
687 796
687 834
687 916
687 1014
687 1374
688 689
688 690
688 692
688 693
688 695
688 696
688 698
688 702
688 704
688 708
688 716
688 723
688 731
688 737
688 758
688 761
688 774
688 786
688 828
688 834
688 860
688 884
688 933
688 980
688 1032
688 1178
688 1376
689 690
689 694
689 696
689 700
689 702
689 718
689 742
689 778
689 834
689 1378
690 691
690 692
690 693
690 695
690 696
690 699
690 700
690 705
690 708
690 713
690 720
690 736
690 759
690 805
690 828
690 853
690 920
690 1016
690 1035
690 1179
690 1380
691 692
691 702
691 704
691 834
691 1382
692 693
692 694
692 696
692 699
692 700
692 706
692 708
692 720
692 748
692 753
692 763
692 814
692 834
692 865
692 936
692 976
692 1038
692 1180
692 1384
693 694
693 696
693 698
693 700
693 702
693 704
693 706
693 708
693 714
693 718
693 726
693 732
693 740
693 756
693 758
693 768
693 770
693 792
693 834
693 888
693 924
693 1018
693 1386
694 695
694 696
694 699
694 701
694 704
694 708
694 729
694 764
694 1041
694 1181
694 1388
695 696
695 700
695 702
695 834
695 1390
696 697
696 698
696 699
696 700
696 702
696 703
696 704
696 705
696 708
696 710
696 714
696 717
696 719
696 720
696 723
696 724
696 725
696 732
696 738
696 742
696 750
696 752
696 754
696 765
696 777
696 780
696 783
696 788
696 804
696 812
696 834
696 858
696 864
696 870
696 928
696 939
696 972
696 1020
696 1044
696 1182
696 1392
697 698
697 714
697 738
697 834
697 1394
698 699
698 700
698 703
698 708
698 715
698 732
698 795
698 892
698 1047
698 1183
698 1396
699 700
699 702
699 704
699 706
699 708
699 714
699 716
699 718
699 720
699 726
699 744
699 750
699 756
699 834
699 932
699 1022
699 1398
700 701
700 702
700 704
700 705
700 707
700 708
700 710
700 711
700 714
700 720
700 722
700 725
700 728
700 735
700 744
700 750
700 767
700 770
700 788
700 800
700 821
700 834
700 840
700 875
700 942
700 968
700 1050
700 1184
700 1400
701 702
701 708
701 720
701 834
701 1402
702 703
702 704
702 705
702 708
702 709
702 711
702 713
702 715
702 716
702 720
702 723
702 724
702 725
702 728
702 729
702 735
702 741
702 744
702 748
702 756
702 768
702 771
702 780
702 819
702 840
702 863
702 936
702 1024
702 1053
702 1185
702 1404
703 704
703 708
703 710
703 722
703 740
703 834
703 896
703 1406
704 705
704 706
704 708
704 709
704 712
704 714
704 715
704 717
704 720
704 724
704 726
704 730
704 736
704 748
704 756
704 768
704 769
704 792
704 834
704 880
704 945
704 964
704 1056
704 1186
704 1408
705 706
705 708
705 710
705 714
705 720
705 748
705 752
705 812
705 834
705 846
705 940
705 1026
705 1410
706 707
706 708
706 713
706 719
706 720
706 732
706 743
706 780
706 1059
706 1187
706 1412
707 708
707 714
707 738
707 808
707 834
707 1414
708 709
708 710
708 711
708 712
708 713
708 714
708 715
708 716
708 717
708 718
708 720
708 722
708 723
708 724
708 726
708 728
708 729
708 732
708 736
708 738
708 740
708 744
708 748
708 750
708 756
708 767
708 768
708 771
708 772
708 780
708 788
708 792
708 804
708 826
708 828
708 834
708 852
708 868
708 885
708 900
708 944
708 948
708 960
708 1028
708 1062
708 1188
708 1416
709 710
709 714
709 716
709 734
709 834
709 846
709 1418
710 711
710 712
710 715
710 717
710 720
710 724
710 741
710 772
710 781
710 852
710 1065
710 1189
710 1420
711 712
711 714
711 720
711 722
711 740
711 744
711 752
711 790
711 798
711 834
711 948
711 1030
711 1422
712 713
712 714
712 716
712 720
712 773
712 801
712 834
712 890
712 951
712 956
712 1068
712 1190
712 1424
713 714
713 718
713 720
713 724
713 736
713 744
713 834
713 904
713 1426
714 715
714 716
714 717
714 719
714 720
714 721
714 723
714 724
714 728
714 729
714 731
714 732
714 735
714 744
714 748
714 756
714 765
714 767
714 816
714 820
714 833
714 873
714 952
714 1032
714 1071
714 1191
714 1428
715 716
715 720
715 722
715 726
715 728
715 732
715 770
715 780
715 834
715 858
715 1430
716 717
716 718
716 720
716 723
716 724
716 730
716 733
716 744
716 750
716 772
716 775
716 784
716 834
716 835
716 852
716 895
716 952
716 954
716 1074
716 1192
716 1432
717 718
717 720
717 724
717 726
717 730
717 738
717 756
717 834
717 956
717 1034
717 1434
718 719
718 720
718 723
718 728
718 737
718 743
718 747
718 756
718 768
718 776
718 813
718 908
718 1077
718 1193
718 1436
719 720
719 724
719 732
719 742
719 792
719 834
719 1438
720 721
720 722
720 723
720 724
720 725
720 726
720 727
720 728
720 729
720 730
720 732
720 734
720 735
720 736
720 738
720 739
720 740
720 741
720 744
720 748
720 750
720 756
720 758
720 760
720 762
720 765
720 768
720 776
720 777
720 780
720 792
720 796
720 799
720 800
720 804
720 810
720 834
720 840
720 864
720 878
720 888
720 900
720 948
720 957
720 960
720 1036
720 1080
720 1194
720 1440
721 722
721 728
721 824
721 834
721 1442
722 723
722 724
722 729
722 733
722 736
722 741
722 744
722 760
722 765
722 808
722 1083
722 1195
722 1444
723 724
723 726
723 728
723 730
723 732
723 738
723 744
723 750
723 758
723 760
723 768
723 786
723 828
723 834
723 858
723 912
723 964
723 1038
723 1446
724 725
724 726
724 728
724 729
724 731
724 732
724 734
724 735
724 738
724 740
724 744
724 746
724 752
724 768
724 779
724 780
724 783
724 834
724 842
724 905
724 944
724 960
724 1086
724 1196
724 1448
725 726
725 730
725 748
725 750
725 754
725 766
725 834
725 870
725 1450
726 727
726 728
726 729
726 732
726 735
726 737
726 744
726 748
726 753
726 759
726 780
726 792
726 847
726 883
726 968
726 1040
726 1089
726 1197
726 1452
727 728
727 734
727 834
727 1454
728 729
728 730
728 732
728 733
728 735
728 736
728 738
728 741
728 742
728 748
728 754
728 756
728 775
728 780
728 781
728 784
728 819
728 822
728 832
728 834
728 910
728 916
728 940
728 963
728 1092
728 1198
728 1456
729 730
729 732
729 734
729 736
729 738
729 744
729 750
729 756
729 764
729 810
729 834
729 972
729 1042
729 1458
730 731
730 732
730 735
730 737
730 740
730 743
730 744
730 756
730 797
730 803
730 864
730 876
730 1095
730 1199
730 1460
731 732
731 738
731 748
731 774
731 834
731 1462
732 733
732 734
732 735
732 736
732 738
732 740
732 741
732 744
732 745
732 749
732 750
732 756
732 758
732 766
732 768
732 771
732 783
732 784
732 793
732 800
732 804
732 810
732 834
732 836
732 849
732 854
732 888
732 915
732 936
732 966
732 976
732 1044
732 1098
732 1200
732 1464
733 734
733 738
733 744
733 750
733 788
733 818
733 834
733 920
733 1466
734 735
734 736
734 739
734 741
734 744
734 748
734 759
734 784
734 1101
734 1201
734 1468
735 736
735 738
735 740
735 742
735 744
735 746
735 750
735 756
735 768
735 770
735 784
735 834
735 840
735 882
735 980
735 1046
735 1470
736 737
736 738
736 740
736 743
736 744
736 750
736 752
736 759
736 764
736 768
736 782
736 785
736 828
736 834
736 920
736 932
736 969
736 1104
736 1202
736 1472
737 738
737 744
737 748
737 756
737 786
737 804
737 834
737 870
737 1474
738 739
738 740
738 741
738 743
738 744
738 745
738 747
738 748
738 752
738 753
738 756
738 759
738 768
738 769
738 779
738 780
738 800
738 820
738 831
738 861
738 893
738 924
738 984
738 1048
738 1107
738 1203
738 1476
739 740
739 744
739 758
739 834
739 1478
740 741
740 742
740 744
740 745
740 748
740 750
740 756
740 760
740 769
740 772
740 777
740 787
740 798
740 814
740 834
740 856
740 888
740 925
740 928
740 972
740 1110
740 1204
740 1480
741 742
741 744
741 748
741 750
741 754
741 760
741 762
741 772
741 780
741 798
741 834
741 844
741 988
741 1050
741 1482
742 743
742 744
742 749
742 756
742 765
742 788
742 795
742 848
742 1113
742 1205
742 1484
743 744
743 748
743 750
743 756
743 768
743 780
743 834
743 928
743 1486
744 745
744 746
744 747
744 748
744 749
744 750
744 751
744 752
744 753
744 754
744 755
744 756
744 758
744 759
744 762
744 764
744 765
744 766
744 768
744 772
744 774
744 775
744 777
744 780
744 786
744 788
744 789
744 804
744 806
744 810
744 816
744 821
744 828
744 834
744 837
744 868
744 876
744 898
744 924
744 930
744 975
744 992
744 1052
744 1116
744 1206
744 1488
745 746
745 750
745 752
745 758
745 816
745 834
745 894
745 1490
746 747
746 748
746 757
746 768
746 1119
746 1207
746 1492
747 748
747 750
747 756
747 776
747 830
747 834
747 996
747 1054
747 1494
748 749
748 750
748 752
748 753
748 755
748 756
748 758
748 759
748 762
748 765
748 768
748 770
748 771
748 776
748 782
748 788
748 791
748 792
748 794
748 804
748 816
748 834
748 840
748 863
748 920
748 932
748 935
748 978
748 1122
748 1208
748 1496
749 750
749 754
749 756
749 766
749 834
749 856
749 1498
750 751
750 752
750 753
750 755
750 756
750 757
750 759
750 760
750 764
750 765
750 767
750 768
750 771
750 775
750 777
750 780
750 784
750 792
750 800
750 801
750 804
750 825
750 852
750 875
750 900
750 903
750 1000
750 1056
750 1125
750 1209
750 1500
751 752
751 758
751 834
751 882
751 1502
752 753
752 754
752 756
752 759
752 760
752 766
752 768
752 780
752 793
752 799
752 808
752 834
752 846
752 916
752 940
752 981
752 1128
752 1210
752 1504
753 754
753 756
753 758
753 762
753 768
753 780
753 814
753 834
753 936
753 1004
753 1058
753 1506
754 755
754 756
754 759
754 764
754 767
754 780
754 783
754 812
754 1131
754 1211
754 1508
755 756
755 760
755 762
755 766
755 834
755 838
755 906
755 1510
756 757
756 758
756 759
756 760
756 762
756 763
756 764
756 765
756 768
756 769
756 770
756 772
756 774
756 775
756 777
756 780
756 782
756 783
756 784
756 792
756 794
756 795
756 798
756 804
756 808
756 810
756 813
756 819
756 832
756 834
756 840
756 864
756 870
756 882
756 908
756 912
756 945
756 984
756 1008
756 1060
756 1134
756 1212
756 1512
757 758
757 764
757 768
757 834
757 1514
758 759
758 760
758 763
758 765
758 768
758 771
758 772
758 777
758 784
758 793
758 796
758 823
758 828
758 849
758 888
758 940
758 1137
758 1213
758 1516
759 760
759 762
759 764
759 766
759 768
759 770
759 774
759 780
759 782
759 784
759 792
759 828
759 834
759 860
759 1012
759 1062
759 1518
760 761
760 762
760 764
760 765
760 768
760 770
760 779
760 780
760 797
760 798
760 800
760 834
760 836
760 855
760 908
760 912
760 950
760 987
760 1140
760 1214
760 1520
761 762
761 834
761 1522
762 763
762 764
762 765
762 768
762 769
762 771
762 776
762 780
762 783
762 804
762 889
762 913
762 1016
762 1064
762 1143
762 1215
762 1524
763 764
763 768
763 770
763 834
763 872
763 944
763 1526
764 765
764 766
764 768
764 769
764 771
764 772
764 774
764 778
764 784
764 792
764 799
764 834
764 877
764 904
764 955
764 990
764 1146
764 1216
764 1528
765 766
765 768
765 770
765 772
765 774
765 780
765 782
765 786
765 788
765 808
765 810
765 816
765 834
765 850
765 894
765 918
765 1020
765 1066
765 1530
766 767
766 768
766 773
766 777
766 780
766 783
766 788
766 800
766 807
766 848
766 1149
766 1217
766 1532
767 768
767 780
767 784
767 820
767 826
767 834
767 1534
768 769
768 770
768 771
768 772
768 773
768 774
768 776
768 777
768 778
768 779
768 780
768 783
768 784
768 786
768 788
768 790
768 792
768 793
768 798
768 800
768 801
768 804
768 812
768 813
768 816
768 818
768 828
768 832
768 834
768 843
768 858
768 864
768 868
768 896
768 900
768 918
768 948
768 960
768 993
768 1024
768 1068
768 1152
768 1218
768 1536
769 770
769 774
769 776
769 782
769 798
769 800
769 834
769 1538
770 771
770 772
770 775
770 777
770 780
770 781
770 784
770 792
770 805
770 825
770 840
770 847
770 880
770 924
770 1155
770 1219
770 1540
771 772
771 774
771 778
771 780
771 784
771 792
771 794
771 810
771 834
771 840
771 1028
771 1070
771 1542
772 773
772 774
772 776
772 779
772 780
772 786
772 788
772 800
772 803
772 804
772 828
772 834
772 836
772 884
772 896
772 900
772 965
772 996
772 1158
772 1220
772 1544
773 774
773 778
773 780
773 834
773 952
773 1546
774 775
774 776
774 777
774 779
774 780
774 783
774 784
774 789
774 792
774 804
774 817
774 860
774 903
774 923
774 1032
774 1072
774 1161
774 1221
774 1548
775 776
775 780
775 794
775 800
775 806
775 822
775 834
775 930
775 1550
776 777
776 778
776 780
776 783
776 784
776 790
776 804
776 805
776 832
776 834
776 873
776 892
776 970
776 999
776 1164
776 1222
776 1552
777 778
777 780
777 784
777 786
777 788
777 796
777 798
777 804
777 810
777 814
777 834
777 858
777 876
777 888
777 1036
777 1074
777 1554
778 779
778 780
778 783
778 785
778 788
778 792
778 867
778 956
778 1167
778 1223
778 1556
779 780
779 784
779 786
779 790
779 798
779 820
779 834
779 906
779 1558
780 781
780 782
780 783
780 784
780 785
780 786
780 787
780 788
780 789
780 790
780 792
780 793
780 794
780 795
780 798
780 800
780 801
780 804
780 806
780 807
780 808
780 810
780 816
780 817
780 819
780 822
780 832
780 834
780 836
780 840
780 845
780 852
780 854
780 858
780 864
780 888
780 891
780 910
780 928
780 936
780 948
780 975
780 1002
780 1040
780 1076
780 1170
780 1224
780 1560
781 782
781 792
781 834
781 852
781 1562
782 783
782 784
782 795
782 799
782 805
782 808
782 816
782 828
782 1173
782 1225
782 1564
783 784
783 786
783 788
783 790
783 792
783 798
783 800
783 804
783 810
783 812
783 834
783 842
783 870
783 960
783 1044
783 1078
783 1566
784 785
784 786
784 788
784 789
784 791
784 792
784 794
784 797
784 798
784 800
784 801
784 804
784 809
784 810
784 812
784 818
784 833
784 834
784 836
784 840
784 852
784 882
784 884
784 896
784 980
784 1005
784 1176
784 1226
784 1568
785 786
785 790
785 792
785 834
785 942
785 1570
786 787
786 788
786 789
786 792
786 793
786 795
786 800
786 804
786 807
786 828
786 835
786 849
786 884
786 912
786 917
786 933
786 1048
786 1080
786 1179
786 1227
786 1572
787 788
787 794
787 834
787 1574
788 789
788 790
788 792
788 793
788 796
788 798
788 799
788 804
788 808
788 810
788 811
788 828
788 832
788 834
788 843
788 868
788 876
788 880
788 898
788 964
788 985
788 1008
788 1182
788 1228
788 1576
789 790
789 792
789 794
789 798
789 804
789 834
789 1052
789 1082
789 1578
790 791
790 792
790 795
790 797
790 800
790 801
790 804
790 812
790 869
790 948
790 1185
790 1229
790 1580
791 792
791 798
791 834
791 904
791 1582
792 793
792 794
792 795
792 796
792 798
792 799
792 800
792 801
792 803
792 804
792 806
792 810
792 813
792 814
792 816
792 820
792 825
792 828
792 834
792 836
792 858
792 864
792 865
792 876
792 880
792 891
792 924
792 938
792 990
792 1011
792 1056
792 1084
792 1188
792 1230
792 1584
793 794
793 798
793 800
793 806
793 818
793 828
793 834
793 854
793 918
793 968
793 1586
794 795
794 796
794 799
794 801
794 804
794 808
794 813
794 817
794 832
794 840
794 1191
794 1231
794 1588
795 796
795 798
795 800
795 804
795 808
795 810
795 834
795 848
795 892
795 954
795 1060
795 1086
795 1590
796 797
796 798
796 800
796 804
796 815
796 834
796 872
796 905
796 995
796 1014
796 1194
796 1232
796 1592
797 798
797 804
797 810
797 834
797 864
797 1594
798 799
798 800
798 801
798 803
798 804
798 805
798 807
798 808
798 812
798 813
798 816
798 817
798 819
798 827
798 828
798 836
798 840
798 855
798 856
798 885
798 912
798 931
798 943
798 972
798 1064
798 1088
798 1197
798 1233
798 1596
799 800
799 804
799 806
799 810
799 816
799 834
799 846
799 878
799 1598
800 801
800 802
800 804
800 805
800 807
800 808
800 810
800 814
800 816
800 817
800 820
800 825
800 828
800 831
800 832
800 834
800 840
800 850
800 862
800 868
800 880
800 900
800 924
800 960
800 1000
800 1017
800 1200
800 1234
800 1600
801 802
801 804
801 808
801 810
801 812
801 818
801 822
801 834
801 852
801 890
801 1068
801 1090
801 1602
802 803
802 804
802 1203
802 1235
802 1604
803 804
803 808
803 814
803 834
803 876
803 976
803 1606
804 805
804 806
804 807
804 808
804 809
804 810
804 811
804 812
804 813
804 814
804 816
804 818
804 819
804 820
804 822
804 824
804 825
804 828
804 831
804 832
804 834
804 836
804 840
804 846
804 852
804 858
804 860
804 864
804 871
804 876
804 888
804 900
804 912
804 938
804 948
804 972
804 1005
804 1020
804 1072
804 1092
804 1206
804 1236
804 1608
805 806
805 810
805 812
805 828
805 834
805 840
805 920
805 966
805 1610
806 807
806 808
806 813
806 819
806 820
806 832
806 837
806 868
806 1209
806 1237
806 1612
807 808
807 810
807 814
807 816
807 828
807 834
807 848
807 930
807 1076
807 1094
807 1614
808 809
808 810
808 812
808 813
808 815
808 816
808 818
808 821
808 822
808 828
808 834
808 836
808 851
808 860
808 864
808 894
808 909
808 980
808 1010
808 1023
808 1212
808 1238
808 1616
809 810
809 814
809 834
809 1618
810 811
810 812
810 813
810 815
810 816
810 819
810 820
810 821
810 823
810 825
810 828
810 832
810 836
810 837
810 840
810 843
810 849
810 855
810 864
810 876
810 888
810 891
810 900
810 945
810 953
810 972
810 1080
810 1096
810 1215
810 1239
810 1620
811 812
811 818
811 834
811 1622
812 813
812 814
812 816
812 819
812 820
812 823
812 826
812 834
812 840
812 841
812 856
812 870
812 919
812 928
812 1015
812 1026
812 1218
812 1240
812 1624
813 814
813 816
813 818
813 820
813 822
813 828
813 832
813 834
813 858
813 870
813 908
813 984
813 1084
813 1098
813 1626
814 815
814 816
814 819
814 821
814 824
814 825
814 828
814 836
814 851
814 875
814 888
814 936
814 1221
814 1241
814 1628
815 816
815 820
815 822
815 834
815 978
815 1630
816 817
816 818
816 819
816 820
816 822
816 824
816 825
816 828
816 832
816 833
816 834
816 840
816 850
816 852
816 864
816 867
816 884
816 887
816 888
816 918
816 952
816 958
816 960
816 1020
816 1029
816 1088
816 1100
816 1224
816 1242
816 1632
817 818
817 834
817 836
817 840
817 854
817 860
817 1634
818 819
818 820
818 823
818 825
818 828
818 832
818 835
818 843
818 852
818 868
818 903
818 988
818 1227
818 1243
818 1636
819 820
819 822
819 824
819 826
819 828
819 832
819 834
819 840
819 858
819 882
819 910
819 936
819 1092
819 1102
819 1638
820 821
820 822
820 824
820 825
820 827
820 828
820 830
820 834
820 836
820 840
820 848
820 861
820 873
820 902
820 926
820 984
820 1025
820 1032
820 1230
820 1244
820 1640
821 822
821 828
821 832
821 834
821 898
821 942
821 1642
822 823
822 824
822 825
822 828
822 829
822 831
822 836
822 840
822 843
822 864
822 869
822 916
822 959
822 963
822 1096
822 1104
822 1233
822 1245
822 1644
823 824
823 828
823 834
823 836
823 888
823 992
823 1646
824 825
824 826
824 828
824 829
824 832
824 834
824 844
824 927
824 1030
824 1035
824 1236
824 1246
824 1648
825 826
825 828
825 830
825 832
825 834
825 836
825 840
825 846
825 850
825 858
825 880
825 900
825 990
825 1100
825 1106
825 1650
826 827
826 828
826 833
826 840
826 885
826 944
826 1239
826 1247
826 1652
827 828
827 834
827 856
827 1654
828 829
828 830
828 831
828 832
828 833
828 834
828 835
828 836
828 837
828 838
828 840
828 842
828 843
828 846
828 848
828 849
828 851
828 852
828 856
828 858
828 863
828 864
828 868
828 870
828 874
828 884
828 888
828 897
828 898
828 912
828 920
828 933
828 948
828 966
828 968
828 996
828 1035
828 1038
828 1104
828 1108
828 1242
828 1248
828 1656
829 830
829 834
829 836
829 1658
830 831
830 832
830 835
830 840
830 913
830 996
830 1245
830 1249
830 1660
831 832
831 834
831 840
831 858
831 862
831 924
831 1108
831 1110
831 1662
832 833
832 834
832 836
832 839
832 840
832 843
832 845
832 846
832 848
832 851
832 854
832 858
832 860
832 864
832 870
832 876
832 884
832 888
832 896
832 908
832 936
832 1040
832 1041
832 1248
832 1250
832 1664
833 834
833 838
833 840
833 850
833 882
833 952
833 1000
833 1666
834 835
834 836
834 837
834 839
834 840
834 841
834 843
834 844
834 845
834 847
834 848
834 849
834 851
834 852
834 853
834 855
834 856
834 857
834 859
834 860
834 861
834 863
834 864
834 865
834 867
834 868
834 869
834 871
834 872
834 873
834 875
834 876
834 877
834 879
834 880
834 881
834 883
834 884
834 885
834 887
834 888
834 889
834 891
834 892
834 893
834 895
834 896
834 897
834 899
834 900
834 901
834 903
834 904
834 905
834 907
834 908
834 909
834 911
834 912
834 913
834 915
834 916
834 917
834 919
834 920
834 921
834 923
834 924
834 925
834 927
834 928
834 929
834 931
834 932
834 933
834 935
834 936
834 937
834 939
834 940
834 941
834 943
834 944
834 945
834 947
834 948
834 949
834 951
834 952
834 953
834 955
834 956
834 957
834 959
834 960
834 961
834 963
834 964
834 965
834 967
834 968
834 969
834 971
834 972
834 973
834 975
834 976
834 977
834 979
834 980
834 981
834 983
834 984
834 985
834 987
834 988
834 989
834 991
834 992
834 993
834 995
834 996
834 997
834 999
834 1000
834 1001
834 1003
834 1004
834 1005
834 1007
834 1008
834 1009
834 1011
834 1012
834 1013
834 1015
834 1016
834 1017
834 1019
834 1020
834 1021
834 1023
834 1024
834 1025
834 1027
834 1028
834 1029
834 1031
834 1032
834 1033
834 1035
834 1036
834 1037
834 1039
834 1040
834 1041
834 1043
834 1044
834 1045
834 1047
834 1048
834 1049
834 1051
834 1052
834 1053
834 1055
834 1056
834 1057
834 1059
834 1060
834 1061
834 1063
834 1064
834 1065
834 1067
834 1068
834 1069
834 1071
834 1072
834 1073
834 1075
834 1076
834 1077
834 1079
834 1080
834 1081
834 1083
834 1084
834 1085
834 1087
834 1088
834 1089
834 1091
834 1092
834 1093
834 1095
834 1096
834 1097
834 1099
834 1100
834 1101
834 1103
834 1104
834 1105
834 1107
834 1108
834 1109
834 1111
834 1112
834 1113
834 1115
834 1116
834 1117
834 1119
834 1120
834 1121
834 1123
834 1124
834 1125
834 1127
834 1128
834 1129
834 1131
834 1132
834 1133
834 1135
834 1136
834 1137
834 1139
834 1140
834 1141
834 1143
834 1144
834 1145
834 1147
834 1148
834 1149
834 1151
834 1152
834 1153
834 1155
834 1156
834 1157
834 1159
834 1160
834 1161
834 1163
834 1164
834 1165
834 1167
834 1168
834 1169
834 1171
834 1172
834 1173
834 1175
834 1176
834 1177
834 1179
834 1180
834 1181
834 1183
834 1184
834 1185
834 1187
834 1188
834 1189
834 1191
834 1192
834 1193
834 1195
834 1196
834 1197
834 1199
834 1200
834 1201
834 1203
834 1204
834 1205
834 1207
834 1208
834 1209
834 1211
834 1212
834 1213
834 1215
834 1216
834 1217
834 1219
834 1220
834 1221
834 1223
834 1224
834 1225
834 1227
834 1228
834 1229
834 1231
834 1232
834 1233
834 1235
834 1236
834 1237
834 1239
834 1240
834 1241
834 1243
834 1244
834 1245
834 1247
834 1248
834 1249
834 1251
834 1252
834 1253
834 1255
834 1256
834 1257
834 1259
834 1260
834 1261
834 1263
834 1264
834 1265
834 1267
834 1268
834 1269
834 1271
834 1272
834 1273
834 1275
834 1276
834 1277
834 1279
834 1280
834 1281
834 1283
834 1284
834 1285
834 1287
834 1288
834 1289
834 1291
834 1292
834 1293
834 1295
834 1296
834 1297
834 1299
834 1300
834 1301
834 1303
834 1304
834 1305
834 1307
834 1308
834 1309
834 1311
834 1312
834 1313
834 1315
834 1316
834 1317
834 1319
834 1320
834 1321
834 1323
834 1324
834 1325
834 1327
834 1328
834 1329
834 1331
834 1332
834 1333
834 1335
834 1336
834 1337
834 1339
834 1340
834 1341
834 1343
834 1344
834 1345
834 1347
834 1348
834 1349
834 1351
834 1352
834 1353
834 1355
834 1356
834 1357
834 1359
834 1360
834 1361
834 1363
834 1364
834 1365
834 1367
834 1368
834 1369
834 1371
834 1372
834 1373
834 1375
834 1376
834 1377
834 1379
834 1380
834 1381
834 1383
834 1384
834 1385
834 1387
834 1388
834 1389
834 1391
834 1392
834 1393
834 1395
834 1396
834 1397
834 1399
834 1400
834 1401
834 1403
834 1404
834 1405
834 1407
834 1408
834 1409
834 1411
834 1412
834 1413
834 1415
834 1416
834 1417
834 1419
834 1420
834 1421
834 1423
834 1424
834 1425
834 1427
834 1428
834 1429
834 1431
834 1432
834 1433
834 1435
834 1436
834 1437
834 1439
834 1440
834 1441
834 1443
834 1444
834 1445
834 1447
834 1448
834 1449
834 1451
834 1452
834 1453
834 1455
834 1456
834 1457
834 1459
834 1460
834 1461
834 1463
834 1464
834 1465
834 1467
834 1468
834 1469
834 1471
834 1472
834 1473
834 1475
834 1476
834 1477
834 1479
834 1480
834 1481
834 1483
834 1484
834 1485
834 1487
834 1488
834 1489
834 1491
834 1492
834 1493
834 1495
834 1496
834 1497
834 1499
834 1500
834 1501
834 1503
834 1504
834 1505
834 1507
834 1508
834 1509
834 1511
834 1512
834 1513
834 1515
834 1516
834 1517
834 1519
834 1520
834 1521
834 1523
834 1524
834 1525
834 1527
834 1528
834 1529
834 1531
834 1532
834 1533
834 1535
834 1536
834 1537
834 1539
834 1540
834 1541
834 1543
834 1544
834 1545
834 1547
834 1548
834 1549
834 1551
834 1552
834 1553
834 1555
834 1556
834 1557
834 1559
834 1560
834 1561
834 1563
834 1564
834 1565
834 1567
834 1568
834 1569
834 1571
834 1572
834 1573
834 1575
834 1576
834 1577
834 1579
834 1580
834 1581
834 1583
834 1584
834 1585
834 1587
834 1588
834 1589
834 1591
834 1592
834 1593
834 1595
834 1596
834 1597
834 1599
834 1600
834 1601
834 1603
834 1604
834 1605
834 1607
834 1608
834 1609
834 1611
834 1612
834 1613
834 1615
834 1616
834 1617
834 1619
834 1620
834 1621
834 1623
834 1624
834 1625
834 1627
834 1628
834 1629
834 1631
834 1632
834 1633
834 1635
834 1636
834 1637
834 1639
834 1640
834 1641
834 1643
834 1644
834 1645
834 1647
834 1648
834 1649
834 1651
834 1652
834 1653
834 1655
834 1656
834 1657
834 1659
834 1660
834 1661
834 1663
834 1664
834 1665
834 1667
835 836
835 840
835 842
835 852
835 884
835 954
835 1002
836 837
836 838
836 840
836 843
836 844
836 847
836 849
836 850
836 852
836 855
836 858
836 862
836 864
836 868
836 874
836 880
836 888
836 892
836 900
836 912
836 940
836 1044
836 1045
836 1252
836 1254
837 838
837 840
837 846
837 864
837 868
837 930
837 1114
837 1116
838 839
838 840
838 843
838 848
838 921
838 1004
838 1253
838 1257
839 840
839 844
839 846
840 841
840 842
840 843
840 844
840 845
840 846
840 847
840 848
840 849
840 850
840 852
840 854
840 855
840 858
840 860
840 861
840 863
840 864
840 868
840 870
840 875
840 876
840 880
840 882
840 886
840 896
840 900
840 909
840 910
840 924
840 932
840 945
840 960
840 978
840 980
840 1008
840 1047
840 1050
840 1116
840 1120
840 1254
840 1260
841 842
841 848
841 870
842 843
842 844
842 849
842 856
842 901
842 960
842 1255
842 1263
843 844
843 846
843 848
843 850
843 852
843 854
843 858
843 864
843 868
843 876
843 898
843 918
843 1008
843 1118
843 1124
844 845
844 846
844 848
844 849
844 852
844 854
844 864
844 947
844 1050
844 1055
844 1256
844 1266
845 846
845 850
845 856
845 858
845 910
845 1014
846 847
846 848
846 849
846 852
846 853
846 855
846 860
846 864
846 867
846 888
846 893
846 940
846 983
846 987
846 1120
846 1128
846 1257
846 1269
847 848
847 854
847 858
847 860
847 924
847 968
848 849
848 850
848 852
848 853
848 855
848 856
848 858
848 862
848 864
848 868
848 876
848 889
848 901
848 930
848 954
848 1012
848 1053
848 1060
848 1258
848 1272
849 850
849 852
849 854
849 856
849 858
849 862
849 864
849 870
849 888
849 912
849 940
849 966
849 1122
849 1132
850 851
850 852
850 855
850 857
850 860
850 864
850 867
850 875
850 884
850 900
850 935
850 1020
850 1259
850 1275
851 852
851 868
851 870
851 874
851 888
851 894
852 853
852 854
852 855
852 856
852 858
852 860
852 861
852 864
852 868
852 869
852 870
852 876
852 886
852 888
852 900
852 903
852 920
852 923
852 924
852 954
852 988
852 994
852 996
852 1056
852 1065
852 1124
852 1136
852 1260
852 1278
853 854
853 858
853 860
853 872
853 1016
854 855
854 856
854 859
854 861
854 864
854 865
854 868
854 876
854 891
854 915
854 928
854 976
854 1261
854 1281
855 856
855 858
855 860
855 862
855 864
855 870
855 874
855 876
855 900
855 912
855 950
855 1026
855 1126
855 1140
856 857
856 858
856 860
856 863
856 864
856 867
856 870
856 878
856 884
856 885
856 900
856 914
856 963
856 972
856 1059
856 1070
856 1262
856 1284
857 858
857 864
857 880
858 859
858 860
858 861
858 863
858 864
858 867
858 868
858 869
858 871
858 873
858 876
858 880
858 884
858 885
858 888
858 891
858 897
858 903
858 912
858 924
858 936
858 939
858 948
858 993
858 1001
858 1020
858 1128
858 1144
858 1263
858 1287
859 860
859 864
859 884
860 861
860 862
860 864
860 865
860 867
860 868
860 870
860 873
860 874
860 880
860 886
860 888
860 903
860 912
860 916
860 946
860 961
860 1032
860 1062
860 1075
860 1264
860 1290
861 862
861 864
861 868
861 870
861 882
861 888
861 902
861 984
861 1130
861 1148
862 863
862 864
862 869
862 875
862 876
862 888
862 893
862 924
862 1265
862 1293
863 864
863 868
863 870
863 886
863 892
863 898
863 978
863 1024
864 865
864 866
864 867
864 868
864 869
864 870
864 871
864 872
864 873
864 874
864 876
864 878
864 879
864 880
864 882
864 884
864 885
864 888
864 891
864 892
864 894
864 896
864 900
864 906
864 912
864 918
864 920
864 924
864 931
864 936
864 948
864 960
864 972
864 998
864 1008
864 1032
864 1065
864 1080
864 1132
864 1152
864 1266
864 1296
865 866
865 870
865 876
865 896
865 938
865 1038
866 867
866 868
866 1267
866 1299
867 868
867 870
867 874
867 876
867 878
867 884
867 888
867 900
867 918
867 956
867 1134
867 1156
868 869
868 870
868 872
868 873
868 875
868 876
868 878
868 882
868 884
868 885
868 888
868 893
868 896
868 899
868 900
868 902
868 908
868 918
868 930
868 936
868 948
868 968
868 992
868 1028
868 1068
868 1085
868 1268
868 1302
869 870
869 874
869 876
869 880
869 886
869 904
869 916
869 948
870 871
870 872
870 873
870 875
870 876
870 877
870 879
870 880
870 884
870 885
870 888
870 889
870 891
870 899
870 900
870 908
870 912
870 927
870 928
870 957
870 984
870 1003
870 1015
870 1044
870 1136
870 1160
870 1269
870 1305
871 872
871 878
871 884
871 908
871 938
872 873
872 874
872 876
872 880
872 891
872 910
872 948
872 981
872 1071
872 1090
872 1270
872 1308
873 874
873 876
873 878
873 882
873 886
873 888
873 912
873 926
873 970
873 1032
873 1138
873 1164
874 875
874 876
874 879
874 881
874 884
874 888
874 893
874 897
874 912
874 920
874 1271
874 1311
875 876
875 880
875 882
875 888
875 900
875 910
875 916
875 936
875 1000
875 1050
876 877
876 878
876 879
876 880
876 882
876 883
876 884
876 885
876 887
876 888
876 890
876 894
876 897
876 898
876 900
876 904
876 909
876 912
876 918
876 920
876 942
876 948
876 949
876 960
876 964
876 975
876 1008
876 1022
876 1074
876 1095
876 1140
876 1168
876 1272
876 1314
877 878
877 884
877 920
877 990
878 879
878 880
878 883
878 885
878 888
878 889
878 892
878 900
878 957
878 1036
878 1273
878 1317
879 880
879 882
879 884
879 888
879 894
879 924
879 1142
879 1172
880 881
880 882
880 884
880 885
880 888
880 890
880 891
880 896
880 900
880 902
880 903
880 920
880 924
880 926
880 935
880 960
880 968
880 972
880 990
880 1056
880 1077
880 1100
880 1274
880 1320
881 882
881 888
881 928
882 883
882 884
882 885
882 888
882 889
882 891
882 896
882 900
882 903
882 924
882 931
882 945
882 980
882 1008
882 1013
882 1029
882 1144
882 1176
882 1275
882 1323
883 884
883 888
883 890
883 932
883 1040
884 885
884 886
884 888
884 889
884 891
884 892
884 894
884 897
884 898
884 900
884 901
884 904
884 909
884 910
884 912
884 918
884 933
884 934
884 936
884 940
884 952
884 982
884 984
884 996
884 1080
884 1105
884 1276
884 1326
885 886
885 888
885 890
885 892
885 894
885 900
885 902
885 906
885 912
885 914
885 936
885 944
885 972
885 1062
885 1146
885 1180
886 887
886 888
886 899
886 903
886 909
886 912
886 920
886 932
886 1277
886 1329
887 888
887 898
887 940
887 958
888 889
888 890
888 891
888 892
888 893
888 894
888 895
888 896
888 897
888 898
888 900
888 901
888 902
888 903
888 906
888 908
888 909
888 912
888 914
888 915
888 916
888 918
888 924
888 925
888 927
888 930
888 940
888 942
888 944
888 948
888 953
888 960
888 962
888 966
888 972
888 996
888 999
888 1018
888 1036
888 1044
888 1056
888 1083
888 1110
888 1148
888 1184
888 1278
888 1332
889 890
889 894
889 896
889 900
889 908
889 930
889 944
889 1016
890 891
890 892
890 895
890 897
890 900
890 904
890 979
890 1068
890 1279
890 1335
891 892
891 894
891 898
891 900
891 902
891 910
891 912
891 918
891 924
891 928
891 948
891 972
891 990
891 1002
891 1150
891 1188
892 893
892 894
892 896
892 899
892 900
892 906
892 920
892 921
892 948
892 950
892 989
892 1008
892 1086
892 1115
892 1280
892 1338
893 894
893 898
893 912
893 918
893 924
893 940
893 952
893 1048
894 895
894 896
894 897
894 899
894 900
894 903
894 904
894 909
894 912
894 924
894 937
894 980
894 1023
894 1043
894 1152
894 1192
894 1281
894 1341
895 896
895 900
895 902
895 956
895 1074
896 897
896 898
896 900
896 903
896 904
896 910
896 912
896 924
896 927
896 928
896 952
896 958
896 960
896 1008
896 1020
896 1024
896 1089
896 1120
896 1282
896 1344
897 898
897 900
897 904
897 906
897 910
897 918
897 920
897 936
897 960
897 966
897 1154
897 1196
898 899
898 900
898 903
898 905
898 908
898 909
898 912
898 920
898 933
898 953
898 968
898 975
898 1008
898 1052
898 1283
898 1347
899 900
899 904
899 906
899 912
899 928
899 930
899 964
900 901
900 902
900 903
900 904
900 905
900 906
900 908
900 909
900 910
900 911
900 912
900 915
900 916
900 918
900 920
900 922
900 924
900 925
900 930
900 932
900 933
900 936
900 944
900 945
900 948
900 950
900 960
900 964
900 966
900 975
900 990
900 996
900 1000
900 1028
900 1032
900 1050
900 1080
900 1092
900 1125
900 1156
900 1200
900 1284
900 1350
901 902
901 914
901 918
901 954
901 960
901 968
902 903
902 904
902 909
902 913
902 916
902 919
902 924
902 936
902 943
902 984
902 1285
902 1353
903 904
903 906
903 908
903 910
903 912
903 918
903 920
903 924
903 926
903 946
903 948
903 954
903 972
903 988
903 1032
903 1056
903 1158
903 1204
904 905
904 906
904 908
904 909
904 911
904 912
904 914
904 918
904 924
904 932
904 939
904 974
904 1017
904 1044
904 1095
904 1130
904 1286
904 1356
905 906
905 910
905 912
905 976
905 1014
905 1086
906 907
906 908
906 909
906 912
906 913
906 915
906 920
906 924
906 927
906 948
906 1033
906 1057
906 1160
906 1208
906 1287
906 1359
907 908
907 980
908 909
908 910
908 912
908 913
908 916
908 918
908 927
908 928
908 945
908 946
908 948
908 982
908 984
908 1003
908 1056
908 1060
908 1098
908 1135
908 1288
908 1362
909 910
909 912
909 914
909 916
909 918
909 920
909 924
909 930
909 932
909 934
909 942
909 978
909 984
909 1010
909 1162
909 1212
910 911
910 912
910 915
910 917
910 920
910 923
910 924
910 929
910 936
910 945
910 948
910 975
910 980
910 1001
910 1040
910 1092
910 1289
910 1365
911 912
911 918
911 922
911 988
912 913
912 914
912 915
912 916
912 918
912 919
912 920
912 921
912 924
912 925
912 926
912 928
912 930
912 931
912 933
912 936
912 938
912 939
912 940
912 948
912 950
912 951
912 954
912 960
912 964
912 966
912 969
912 975
912 988
912 990
912 996
912 1020
912 1026
912 1038
912 1064
912 1068
912 1101
912 1140
912 1164
912 1216
912 1290
912 1368
913 914
913 918
913 920
913 924
913 992
913 996
913 1064
914 915
914 916
914 919
914 924
914 927
914 940
914 943
914 972
914 1291
914 1371
915 916
915 918
915 920
915 924
915 930
915 942
915 976
915 996
915 1098
915 1166
915 1220
916 917
916 918
916 920
916 923
916 924
916 930
916 932
916 944
916 957
916 963
916 972
916 998
916 1010
916 1080
916 1104
916 1145
916 1292
916 1374
917 918
917 924
917 1000
917 1048
918 919
918 920
918 921
918 923
918 924
918 925
918 927
918 928
918 932
918 933
918 935
918 936
918 939
918 943
918 945
918 948
918 952
918 960
918 968
918 969
918 972
918 993
918 1020
918 1043
918 1068
918 1071
918 1168
918 1224
918 1293
918 1377
919 920
919 924
919 926
919 936
919 1004
919 1026
920 921
920 922
920 924
920 925
920 927
920 928
920 930
920 931
920 934
920 937
920 940
920 942
920 943
920 948
920 954
920 960
920 963
920 964
920 966
920 976
920 988
920 1006
920 1012
920 1035
920 1092
920 1104
920 1107
920 1150
920 1294
920 1380
921 922
921 924
921 930
921 950
921 1004
921 1008
921 1170
921 1228
922 923
922 924
922 933
922 944
922 1295
922 1383
923 924
923 928
923 930
923 936
923 994
923 1012
923 1072
924 925
924 926
924 927
924 928
924 929
924 930
924 931
924 932
924 933
924 934
924 935
924 936
924 938
924 939
924 942
924 944
924 945
924 946
924 948
924 952
924 954
924 955
924 957
924 960
924 966
924 968
924 969
924 984
924 986
924 990
924 996
924 1001
924 1008
924 1014
924 1017
924 1048
924 1056
924 1078
924 1104
924 1110
924 1155
924 1172
924 1232
924 1296
924 1386
925 926
925 930
925 932
925 938
925 950
925 962
925 1016
925 1110
926 927
926 928
926 933
926 940
926 949
926 972
926 979
926 1032
926 1297
926 1389
927 928
927 930
927 934
927 936
927 940
927 946
927 948
927 958
927 966
927 984
927 1020
927 1030
927 1174
927 1236
928 929
928 930
928 932
928 933
928 936
928 938
928 944
928 948
928 957
928 960
928 965
928 975
928 986
928 1002
928 1022
928 1044
928 1076
928 1113
928 1116
928 1160
928 1298
928 1392
929 930
929 934
929 948
929 1024
930 931
930 932
930 933
930 935
930 936
930 937
930 939
930 940
930 944
930 945
930 948
930 951
930 960
930 961
930 971
930 972
930 992
930 1012
930 1023
930 1053
930 1085
930 1116
930 1176
930 1240
930 1299
930 1395
931 932
931 938
931 942
931 950
931 980
931 998
931 1028
931 1064
932 933
932 934
932 936
932 939
932 940
932 946
932 948
932 955
932 960
932 964
932 978
932 981
932 1024
932 1030
932 1116
932 1128
932 1165
932 1300
932 1398
933 934
933 936
933 938
933 940
933 942
933 944
933 948
933 954
933 966
933 968
933 982
933 1032
933 1038
933 1080
933 1178
933 1244
934 935
934 936
934 939
934 941
934 944
934 948
934 959
934 984
934 1301
934 1401
935 936
935 940
935 946
935 952
935 990
935 1020
935 1036
935 1122
936 937
936 938
936 939
936 940
936 942
936 944
936 945
936 948
936 949
936 953
936 954
936 960
936 962
936 970
936 972
936 975
936 987
936 988
936 997
936 1004
936 1008
936 1014
936 1038
936 1040
936 1053
936 1058
936 1092
936 1119
936 1140
936 1170
936 1180
936 1248
936 1302
936 1404
937 938
937 944
937 954
937 980
937 1040
938 939
938 940
938 943
938 945
938 948
938 951
938 952
938 964
938 1005
938 1011
938 1072
938 1084
938 1303
938 1407
939 940
939 942
939 944
939 946
939 948
939 954
939 960
939 966
939 974
939 1020
939 1044
939 1182
939 1252
940 941
940 942
940 944
940 945
940 947
940 948
940 950
940 953
940 954
940 960
940 966
940 968
940 987
940 992
940 993
940 996
940 1031
940 1034
940 1044
940 1046
940 1122
940 1128
940 1152
940 1175
940 1304
940 1410
941 942
941 948
941 1048
942 943
942 944
942 945
942 948
942 951
942 953
942 960
942 964
942 969
942 975
942 996
942 1008
942 1063
942 1099
942 1184
942 1256
942 1305
942 1413
943 944
943 948
943 966
943 968
943 972
943 984
943 1052
943 1088
944 945
944 946
944 948
944 949
944 951
944 952
944 954
944 955
944 958
944 960
944 964
944 966
944 972
944 988
944 999
944 1000
944 1003
944 1054
944 1062
944 1125
944 1164
944 1180
944 1306
944 1416
945 946
945 948
945 950
945 952
945 954
945 960
945 966
945 972
945 980
945 982
945 990
945 1008
945 1050
945 1056
945 1080
945 1134
945 1186
945 1260
946 947
946 948
946 953
946 957
946 960
946 965
946 968
946 984
946 989
946 1032
946 1307
946 1419
947 948
947 954
947 1050
947 1060
948 949
948 950
948 951
948 952
948 953
948 954
948 955
948 956
948 957
948 958
948 960
948 962
948 963
948 964
948 966
948 967
948 968
948 969
948 972
948 976
948 978
948 984
948 986
948 988
948 990
948 993
948 996
948 1004
948 1005
948 1008
948 1020
948 1024
948 1027
948 1028
948 1032
948 1038
948 1062
948 1068
948 1092
948 1106
948 1116
948 1128
948 1176
948 1185
948 1188
948 1264
948 1308
948 1422
949 950
949 954
949 962
949 972
949 1022
949 1064
950 951
950 952
950 955
950 960
950 969
950 975
950 979
950 988
950 1000
950 1008
950 1045
950 1140
950 1309
950 1425
951 952
951 954
951 958
951 960
951 964
951 972
951 990
951 1068
951 1190
951 1268
952 953
952 954
952 956
952 959
952 960
952 966
952 969
952 980
952 986
952 1008
952 1011
952 1020
952 1070
952 1071
952 1088
952 1131
952 1188
952 1190
952 1310
952 1428
953 954
953 958
953 960
953 964
953 966
953 970
953 1008
953 1018
953 1072
953 1096
954 955
954 956
954 957
954 959
954 960
954 961
954 963
954 964
954 968
954 969
954 971
954 972
954 975
954 984
954 988
954 996
954 1005
954 1007
954 1056
954 1060
954 1073
954 1113
954 1192
954 1272
954 1311
954 1431
955 956
955 960
955 962
955 966
955 978
955 986
955 1076
955 1146
956 957
956 958
956 960
956 964
956 1017
956 1045
956 1078
956 1134
956 1195
956 1200
956 1312
956 1434
957 958
957 960
957 966
957 968
957 986
957 990
957 998
957 1036
957 1044
957 1080
957 1194
957 1276
958 959
958 960
958 963
958 965
958 968
958 972
958 989
958 1020
958 1029
958 1100
958 1313
958 1437
959 960
959 964
959 966
959 984
959 1084
959 1096
960 961
960 962
960 963
960 964
960 965
960 966
960 967
960 968
960 969
960 970
960 972
960 974
960 975
960 976
960 978
960 980
960 981
960 984
960 988
960 990
960 992
960 996
960 1000
960 1002
960 1008
960 1019
960 1020
960 1023
960 1024
960 1032
960 1040
960 1044
960 1056
960 1078
960 1080
960 1086
960 1104
960 1120
960 1137
960 1152
960 1196
960 1200
960 1212
960 1280
960 1314
960 1440
961 962
961 968
961 992
961 1062
961 1088
962 963
962 964
962 969
962 975
962 976
962 988
962 999
962 1036
962 1315
962 1443
963 964
963 966
963 968
963 972
963 978
963 1006
963 1010
963 1070
963 1092
963 1104
963 1198
963 1284
964 965
964 966
964 968
964 969
964 972
964 974
964 975
964 977
964 980
964 984
964 986
964 990
964 996
964 1008
964 1016
964 1028
964 1029
964 1052
964 1094
964 1140
964 1205
964 1224
964 1316
964 1446
965 966
965 970
965 972
965 984
965 1002
965 1096
965 1158
966 967
966 968
966 969
966 972
966 973
966 975
966 977
966 979
966 980
966 984
966 987
966 988
966 989
966 992
966 993
966 999
966 1005
966 1008
966 1012
966 1020
966 1032
966 1035
966 1044
966 1083
966 1104
966 1127
966 1200
966 1288
966 1317
966 1449
967 968
967 974
967 986
967 1100
968 969
968 970
968 972
968 973
968 975
968 976
968 978
968 979
968 982
968 988
968 990
968 993
968 996
968 1003
968 1012
968 1018
968 1035
968 1038
968 1056
968 1068
968 1089
968 1102
968 1108
968 1143
968 1210
968 1236
968 1318
968 1452
969 970
969 972
969 974
969 976
969 978
969 984
969 986
969 988
969 990
969 996
969 1014
969 1020
969 1026
969 1104
969 1202
969 1292
970 971
970 972
970 975
970 980
970 987
970 1004
970 1067
970 1164
970 1319
970 1455
971 972
971 988
971 1012
971 1108
972 973
972 974
972 975
972 976
972 978
972 979
972 980
972 981
972 984
972 986
972 990
972 993
972 995
972 996
972 999
972 1000
972 1001
972 1008
972 1014
972 1018
972 1026
972 1028
972 1030
972 1041
972 1053
972 1056
972 1059
972 1064
972 1080
972 1088
972 1110
972 1134
972 1140
972 1146
972 1204
972 1215
972 1248
972 1296
972 1320
972 1458
973 974
973 978
973 980
973 1112
974 975
974 976
974 979
974 981
974 984
974 988
974 1009
974 1044
974 1321
974 1461
975 976
975 978
975 980
975 982
975 984
975 986
975 988
975 990
975 996
975 1000
975 1008
975 1014
975 1022
975 1038
975 1040
975 1050
975 1052
975 1074
975 1116
975 1170
975 1206
975 1300
976 977
976 978
976 980
976 983
976 984
976 990
976 992
976 1004
976 1032
976 1037
976 1047
976 1098
976 1118
976 1149
976 1220
976 1260
976 1322
976 1464
977 978
977 988
977 990
977 1120
978 979
978 980
978 981
978 983
978 984
978 987
978 988
978 993
978 996
978 1001
978 1008
978 1024
978 1047
978 1093
978 1116
978 1141
978 1208
978 1304
978 1323
978 1467
979 980
979 984
979 986
979 990
979 992
979 1008
979 1032
979 1068
979 1124
980 981
980 982
980 984
980 985
980 987
980 988
980 990
980 994
980 996
980 1000
980 1008
980 1015
980 1023
980 1029
980 1050
980 1053
980 1066
980 1078
980 1120
980 1126
980 1152
980 1176
980 1225
980 1272
980 1324
980 1470
981 982
981 984
981 988
981 990
981 1002
981 1030
981 1090
981 1128
981 1210
981 1308
982 983
982 984
982 989
982 996
982 1019
982 1031
982 1056
982 1080
982 1325
982 1473
983 984
983 988
983 990
983 1120
983 1132
984 985
984 986
984 987
984 988
984 989
984 990
984 992
984 993
984 994
984 996
984 999
984 1002
984 1003
984 1004
984 1008
984 1009
984 1014
984 1020
984 1022
984 1025
984 1034
984 1041
984 1044
984 1059
984 1060
984 1066
984 1084
984 1098
984 1107
984 1134
984 1148
984 1155
984 1212
984 1230
984 1284
984 1312
984 1326
984 1476
985 986
985 990
985 1136
985 1182
986 987
986 988
986 993
986 997
986 1000
986 1003
986 1005
986 1008
986 1015
986 1017
986 1020
986 1024
986 1044
986 1048
986 1327
986 1479
987 988
987 990
987 994
987 996
987 1004
987 1008
987 1034
987 1038
987 1128
987 1140
987 1214
987 1316
988 989
988 990
988 992
988 993
988 995
988 996
988 998
988 999
988 1001
988 1002
988 1005
988 1007
988 1008
988 1010
988 1014
988 1016
988 1022
988 1026
988 1028
988 1032
988 1040
988 1056
988 1064
988 1065
988 1073
988 1124
988 1142
988 1158
988 1235
988 1296
988 1328
988 1482
989 990
989 994
989 996
989 1012
989 1020
989 1032
989 1086
989 1144
990 991
990 992
990 993
990 995
990 996
990 997
990 999
990 1000
990 1001
990 1003
990 1004
990 1005
990 1008
990 1011
990 1012
990 1016
990 1020
990 1023
990 1029
990 1032
990 1035
990 1045
990 1056
990 1068
990 1080
990 1089
990 1100
990 1103
990 1155
990 1188
990 1216
990 1320
990 1329
990 1485
991 992
991 1148
992 993
992 994
992 996
992 1000
992 1005
992 1008
992 1018
992 1023
992 1024
992 1044
992 1054
992 1071
992 1116
992 1150
992 1161
992 1240
992 1308
992 1330
992 1488
993 994
993 996
993 998
993 1000
993 1002
993 1008
993 1014
993 1018
993 1020
993 1038
993 1046
993 1068
993 1128
993 1152
993 1218
993 1324
994 995
994 996
994 999
994 1001
994 1004
994 1008
994 1065
994 1136
994 1331
994 1491
995 996
995 1000
995 1002
995 1018
995 1156
995 1194
996 997
996 998
996 999
996 1000
996 1002
996 1003
996 1004
996 1005
996 1008
996 1010
996 1012
996 1014
996 1017
996 1020
996 1023
996 1024
996 1028
996 1032
996 1038
996 1044
996 1050
996 1052
996 1068
996 1077
996 1079
996 1080
996 1092
996 1104
996 1108
996 1140
996 1158
996 1162
996 1164
996 1220
996 1245
996 1320
996 1328
996 1332
996 1494
997 998
997 1004
997 1008
997 1058
997 1160
998 999
998 1000
998 1003
998 1008
998 1039
998 1065
998 1080
998 1132
998 1333
998 1497
999 1000
999 1002
999 1004
999 1008
999 1010
999 1014
999 1026
999 1032
999 1036
999 1054
999 1110
999 1164
999 1222
999 1332
1000 1001
1000 1002
1000 1004
1000 1005
1000 1007
1000 1008
1000 1010
1000 1014
1000 1020
1000 1025
1000 1028
1000 1040
1000 1050
1000 1056
1000 1083
1000 1100
1000 1125
1000 1166
1000 1167
1000 1200
1000 1250
1000 1332
1000 1334
1000 1500
1001 1002
1001 1008
1001 1012
1001 1014
1001 1024
1001 1030
1001 1078
1001 1092
1001 1144
1001 1168
1002 1003
1002 1004
1002 1005
1002 1008
1002 1009
1002 1011
1002 1016
1002 1020
1002 1023
1002 1039
1002 1044
1002 1076
1002 1113
1002 1169
1002 1224
1002 1335
1002 1336
1002 1503
1003 1004
1003 1008
1003 1010
1003 1016
1003 1020
1003 1022
1003 1038
1003 1062
1003 1098
1003 1136
1003 1172
1004 1005
1004 1006
1004 1008
1004 1009
1004 1011
1004 1012
1004 1014
1004 1018
1004 1021
1004 1024
1004 1032
1004 1038
1004 1060
1004 1072
1004 1087
1004 1089
1004 1170
1004 1174
1004 1255
1004 1336
1004 1344
1004 1506
1005 1006
1005 1008
1005 1010
1005 1014
1005 1018
1005 1020
1005 1022
1005 1024
1005 1044
1005 1056
1005 1062
1005 1072
1005 1176
1005 1206
1005 1226
1005 1340
1006 1007
1006 1008
1006 1049
1006 1092
1006 1337
1006 1509
1007 1008
1007 1014
1007 1026
1007 1060
1007 1180
1008 1009
1008 1010
1008 1011
1008 1012
1008 1013
1008 1014
1008 1015
1008 1016
1008 1017
1008 1018
1008 1019
1008 1020
1008 1022
1008 1023
1008 1024
1008 1026
1008 1028
1008 1029
1008 1030
1008 1032
1008 1036
1008 1037
1008 1038
1008 1041
1008 1044
1008 1050
1008 1052
1008 1056
1008 1063
1008 1064
1008 1066
1008 1068
1008 1071
1008 1074
1008 1080
1008 1092
1008 1095
1008 1118
1008 1120
1008 1124
1008 1134
1008 1140
1008 1152
1008 1173
1008 1176
1008 1182
1008 1228
1008 1260
1008 1338
1008 1344
1008 1356
1008 1512
1009 1010
1009 1014
1009 1016
1009 1034
1009 1044
1009 1184
1010 1011
1010 1012
1010 1015
1010 1017
1010 1020
1010 1021
1010 1024
1010 1032
1010 1057
1010 1104
1010 1111
1010 1212
1010 1339
1010 1515
1011 1012
1011 1014
1011 1018
1011 1020
1011 1032
1011 1070
1011 1084
1011 1188
1011 1230
1011 1348
1012 1013
1012 1014
1012 1016
1012 1020
1012 1023
1012 1028
1012 1034
1012 1035
1012 1053
1012 1056
1012 1058
1012 1094
1012 1101
1012 1104
1012 1176
1012 1190
1012 1265
1012 1340
1012 1368
1012 1518
1013 1014
1013 1018
1013 1144
1013 1192
1014 1015
1014 1016
1014 1017
1014 1019
1014 1020
1014 1021
1014 1023
1014 1024
1014 1027
1014 1028
1014 1029
1014 1032
1014 1035
1014 1040
1014 1044
1014 1053
1014 1056
1014 1059
1014 1092
1014 1104
1014 1123
1014 1183
1014 1232
1014 1341
1014 1352
1014 1521
1015 1016
1015 1020
1015 1022
1015 1044
1015 1050
1015 1160
1015 1196
1015 1218
1016 1017
1016 1018
1016 1020
1016 1023
1016 1024
1016 1029
1016 1030
1016 1042
1016 1044
1016 1068
1016 1107
1016 1143
1016 1179
1016 1198
1016 1270
1016 1342
1016 1380
1016 1524
1017 1018
1017 1020
1017 1024
1017 1026
1017 1038
1017 1048
1017 1078
1017 1110
1017 1130
1017 1200
1017 1234
1017 1356
1018 1019
1018 1020
1018 1023
1018 1025
1018 1028
1018 1031
1018 1032
1018 1041
1018 1043
1018 1044
1018 1064
1018 1068
1018 1083
1018 1148
1018 1343
1018 1527
1019 1020
1019 1024
1019 1030
1019 1056
1019 1078
1019 1204
1020 1021
1020 1022
1020 1023
1020 1024
1020 1025
1020 1026
1020 1028
1020 1029
1020 1030
1020 1032
1020 1035
1020 1037
1020 1038
1020 1040
1020 1044
1020 1047
1020 1050
1020 1051
1020 1054
1020 1056
1020 1071
1020 1074
1020 1080
1020 1082
1020 1088
1020 1092
1020 1101
1020 1105
1020 1113
1020 1122
1020 1128
1020 1144
1020 1182
1020 1190
1020 1206
1020 1224
1020 1236
1020 1275
1020 1344
1020 1360
1020 1392
1020 1530
1021 1022
1021 1028
1021 1032
1021 1038
1021 1208
1022 1023
1022 1024
1022 1029
1022 1036
1022 1039
1022 1041
1022 1056
1022 1060
1022 1069
1022 1095
1022 1116
1022 1168
1022 1345
1022 1533
1023 1024
1023 1026
1023 1028
1023 1030
1023 1032
1023 1034
1023 1038
1023 1044
1023 1050
1023 1054
1023 1056
1023 1066
1023 1086
1023 1116
1023 1152
1023 1212
1023 1238
1023 1364
1024 1025
1024 1026
1024 1028
1024 1029
1024 1031
1024 1032
1024 1034
1024 1038
1024 1040
1024 1043
1024 1044
1024 1047
1024 1052
1024 1056
1024 1062
1024 1070
1024 1088
1024 1100
1024 1116
1024 1119
1024 1152
1024 1185
1024 1214
1024 1280
1024 1346
1024 1404
1024 1536
1025 1026
1025 1030
1025 1032
1025 1050
1025 1066
1025 1216
1025 1230
1026 1027
1026 1028
1026 1029
1026 1032
1026 1035
1026 1044
1026 1045
1026 1053
1026 1064
1026 1080
1026 1083
1026 1133
1026 1140
1026 1197
1026 1240
1026 1347
1026 1368
1026 1539
1027 1028
1027 1040
1027 1106
1027 1220
1028 1029
1028 1030
1028 1032
1028 1033
1028 1035
1028 1036
1028 1038
1028 1042
1028 1044
1028 1048
1028 1056
1028 1060
1028 1068
1028 1084
1028 1092
1028 1108
1028 1125
1028 1156
1028 1188
1028 1222
1028 1285
1028 1348
1028 1416
1028 1542
1029 1030
1029 1032
1029 1034
1029 1036
1029 1038
1029 1042
1029 1044
1029 1050
1029 1068
1029 1078
1029 1094
1029 1100
1029 1176
1029 1224
1029 1242
1029 1372
1030 1031
1030 1032
1030 1035
1030 1037
1030 1040
1030 1041
1030 1044
1030 1052
1030 1059
1030 1079
1030 1088
1030 1128
1030 1133
1030 1236
1030 1349
1030 1545
1031 1032
1031 1038
1031 1044
1031 1080
1031 1122
1031 1228
1032 1033
1032 1034
1032 1035
1032 1036
1032 1038
1032 1039
1032 1040
1032 1041
1032 1043
1032 1044
1032 1046
1032 1050
1032 1053
1032 1054
1032 1056
1032 1060
1032 1065
1032 1068
1032 1074
1032 1075
1032 1076
1032 1085
1032 1088
1032 1098
1032 1104
1032 1116
1032 1118
1032 1131
1032 1138
1032 1161
1032 1164
1032 1191
1032 1200
1032 1204
1032 1230
1032 1244
1032 1290
1032 1350
1032 1376
1032 1428
1032 1548
1033 1034
1033 1038
1033 1160
1033 1232
1034 1035
1034 1036
1034 1039
1034 1044
1034 1045
1034 1056
1034 1059
1034 1081
1034 1084
1034 1128
1034 1351
1034 1551
1035 1036
1035 1038
1035 1040
1035 1042
1035 1044
1035 1050
1035 1056
1035 1058
1035 1080
1035 1102
1035 1104
1035 1150
1035 1236
1035 1242
1035 1246
1035 1380
1036 1037
1036 1038
1036 1040
1036 1043
1036 1044
1036 1050
1036 1064
1036 1073
1036 1110
1036 1115
1036 1137
1036 1184
1036 1194
1036 1238
1036 1295
1036 1352
1036 1440
1036 1554
1037 1038
1037 1044
1037 1054
1037 1066
1037 1098
1037 1240
1038 1039
1038 1040
1038 1041
1038 1043
1038 1044
1038 1045
1038 1047
1038 1048
1038 1052
1038 1053
1038 1055
1038 1056
1038 1059
1038 1068
1038 1072
1038 1073
1038 1080
1038 1083
1038 1089
1038 1101
1038 1108
1038 1128
1038 1140
1038 1143
1038 1164
1038 1211
1038 1248
1038 1353
1038 1384
1038 1557
1039 1040
1039 1044
1039 1046
1039 1056
1039 1076
1039 1080
1039 1244
1040 1041
1040 1042
1040 1044
1040 1045
1040 1048
1040 1050
1040 1053
1040 1056
1040 1060
1040 1066
1040 1080
1040 1092
1040 1105
1040 1120
1040 1143
1040 1144
1040 1170
1040 1197
1040 1246
1040 1248
1040 1300
1040 1354
1040 1452
1040 1560
1041 1042
1041 1044
1041 1050
1041 1052
1041 1060
1041 1064
1041 1074
1041 1098
1041 1110
1041 1248
1041 1250
1041 1388
1042 1043
1042 1044
1042 1049
1042 1055
1042 1056
1042 1068
1042 1355
1042 1563
1043 1044
1043 1048
1043 1050
1043 1054
1043 1062
1043 1068
1043 1168
1043 1192
1043 1252
1044 1045
1044 1046
1044 1047
1044 1048
1044 1049
1044 1050
1044 1051
1044 1052
1044 1053
1044 1054
1044 1056
1044 1057
1044 1058
1044 1059
1044 1060
1044 1062
1044 1064
1044 1065
1044 1068
1044 1070
1044 1072
1044 1073
1044 1074
1044 1079
1044 1080
1044 1083
1044 1086
1044 1092
1044 1096
1044 1102
1044 1104
1044 1114
1044 1122
1044 1128
1044 1131
1044 1148
1044 1149
1044 1160
1044 1184
1044 1200
1044 1218
1044 1252
1044 1254
1044 1305
1044 1356
1044 1392
1044 1464
1044 1566
1045 1046
1045 1050
1045 1052
1045 1056
1045 1064
1045 1100
1045 1134
1045 1140
1045 1254
1045 1256
1046 1047
1046 1048
1046 1053
1046 1060
1046 1099
1046 1152
1046 1357
1046 1569
1047 1048
1047 1050
1047 1056
1047 1070
1047 1074
1047 1116
1047 1118
1047 1254
1047 1260
1047 1396
1048 1049
1048 1050
1048 1052
1048 1053
1048 1056
1048 1058
1048 1068
1048 1079
1048 1110
1048 1155
1048 1172
1048 1179
1048 1203
1048 1262
1048 1310
1048 1358
1048 1476
1048 1572
1049 1050
1049 1054
1049 1056
1049 1092
1049 1264
1050 1051
1050 1052
1050 1053
1050 1055
1050 1056
1050 1057
1050 1059
1050 1060
1050 1064
1050 1065
1050 1068
1050 1071
1050 1075
1050 1077
1050 1080
1050 1085
1050 1092
1050 1100
1050 1104
1050 1120
1050 1125
1050 1153
1050 1155
1050 1200
1050 1225
1050 1256
1050 1260
1050 1359
1050 1400
1050 1575
1051 1052
1051 1058
1051 1082
1051 1268
1052 1053
1052 1054
1052 1056
1052 1059
1052 1060
1052 1063
1052 1066
1052 1074
1052 1080
1052 1096
1052 1108
1052 1129
1052 1140
1052 1161
1052 1206
1052 1270
1052 1315
1052 1360
1052 1488
1052 1578
1053 1054
1053 1056
1053 1058
1053 1060
1053 1062
1053 1066
1053 1068
1053 1074
1053 1080
1053 1092
1053 1094
1053 1126
1053 1134
1053 1170
1053 1176
1053 1258
1053 1272
1053 1404
1054 1055
1054 1056
1054 1059
1054 1064
1054 1065
1054 1071
1054 1076
1054 1085
1054 1088
1054 1109
1054 1116
1054 1164
1054 1361
1054 1581
1055 1056
1055 1060
1055 1068
1055 1072
1055 1266
1055 1276
1056 1057
1056 1058
1056 1059
1056 1060
1056 1062
1056 1063
1056 1064
1056 1065
1056 1067
1056 1068
1056 1070
1056 1072
1056 1073
1056 1074
1056 1077
1056 1078
1056 1080
1056 1084
1056 1088
1056 1089
1056 1090
1056 1092
1056 1093
1056 1098
1056 1100
1056 1104
1056 1107
1056 1112
1056 1122
1056 1124
1056 1130
1056 1140
1056 1144
1056 1152
1056 1158
1056 1167
1056 1188
1056 1204
1056 1209
1056 1224
1056 1232
1056 1260
1056 1278
1056 1320
1056 1362
1056 1408
1056 1500
1056 1584
1057 1058
1057 1064
1057 1070
1057 1104
1057 1208
1057 1280
1058 1059
1058 1060
1058 1063
1058 1065
1058 1068
1058 1072
1058 1081
1058 1104
1058 1119
1058 1180
1058 1363
1058 1587
1059 1060
1059 1062
1059 1064
1059 1066
1059 1068
1059 1074
1059 1080
1059 1084
1059 1088
1059 1104
1059 1134
1059 1146
1059 1262
1059 1284
1059 1412
1060 1061
1060 1062
1060 1064
1060 1065
1060 1067
1060 1068
1060 1070
1060 1074
1060 1076
1060 1079
1060 1080
1060 1088
1060 1092
1060 1098
1060 1113
1060 1116
1060 1136
1060 1166
1060 1173
1060 1212
1060 1272
1060 1286
1060 1325
1060 1364
1060 1512
1060 1590
1061 1062
1061 1288
1062 1063
1062 1064
1062 1065
1062 1068
1062 1071
1062 1080
1062 1081
1062 1100
1062 1119
1062 1121
1062 1163
1062 1176
1062 1180
1062 1239
1062 1264
1062 1365
1062 1416
1062 1593
1063 1064
1063 1068
1063 1070
1063 1074
1063 1118
1063 1184
1063 1292
1064 1065
1064 1066
1064 1068
1064 1069
1064 1071
1064 1072
1064 1074
1064 1078
1064 1083
1064 1084
1064 1087
1064 1092
1064 1102
1064 1110
1064 1120
1064 1140
1064 1156
1064 1179
1064 1197
1064 1215
1064 1216
1064 1294
1064 1330
1064 1366
1064 1524
1064 1596
1065 1066
1065 1068
1065 1070
1065 1072
1065 1074
1065 1076
1065 1080
1065 1086
1065 1098
1065 1132
1065 1136
1065 1142
1065 1266
1065 1278
1065 1296
1065 1420
1066 1067
1066 1068
1066 1073
1066 1079
1066 1080
1066 1092
1066 1095
1066 1107
1066 1109
1066 1124
1066 1148
1066 1152
1066 1367
1066 1599
1067 1068
1067 1074
1067 1078
1067 1164
1067 1300
1068 1069
1068 1070
1068 1071
1068 1072
1068 1073
1068 1074
1068 1076
1068 1077
1068 1078
1068 1080
1068 1081
1068 1083
1068 1086
1068 1088
1068 1092
1068 1093
1068 1094
1068 1098
1068 1104
1068 1107
1068 1108
1068 1118
1068 1120
1068 1128
1068 1140
1068 1143
1068 1146
1068 1157
1068 1168
1068 1185
1068 1188
1068 1218
1068 1224
1068 1246
1068 1268
1068 1302
1068 1335
1068 1368
1068 1424
1068 1536
1068 1602
1069 1070
1069 1074
1069 1116
1069 1304
1070 1071
1070 1072
1070 1075
1070 1077
1070 1080
1070 1083
1070 1084
1070 1093
1070 1096
1070 1116
1070 1129
1070 1177
1070 1188
1070 1284
1070 1369
1070 1605
1071 1072
1071 1074
1071 1078
1071 1080
1071 1088
1071 1092
1071 1122
1071 1134
1071 1150
1071 1190
1071 1224
1071 1270
1071 1308
1071 1428
1072 1073
1072 1074
1072 1076
1072 1079
1072 1080
1072 1086
1072 1088
1072 1089
1072 1100
1072 1106
1072 1139
1072 1140
1072 1191
1072 1206
1072 1221
1072 1310
1072 1340
1072 1370
1072 1548
1072 1608
1073 1074
1073 1078
1073 1080
1073 1090
1073 1102
1073 1108
1073 1110
1073 1158
1073 1192
1073 1312
1074 1075
1074 1076
1074 1077
1074 1079
1074 1080
1074 1081
1074 1083
1074 1084
1074 1085
1074 1088
1074 1089
1074 1092
1074 1095
1074 1096
1074 1101
1074 1104
1074 1107
1074 1116
1074 1128
1074 1140
1074 1173
1074 1253
1074 1272
1074 1371
1074 1432
1074 1611
1075 1076
1075 1080
1075 1100
1075 1118
1075 1290
1075 1316
1076 1077
1076 1078
1076 1080
1076 1084
1076 1087
1076 1092
1076 1098
1076 1113
1076 1120
1076 1150
1076 1197
1076 1224
1076 1318
1076 1345
1076 1372
1076 1560
1076 1614
1077 1078
1077 1080
1077 1084
1077 1086
1077 1098
1077 1104
1077 1158
1077 1274
1077 1320
1077 1436
1078 1079
1078 1080
1078 1083
1078 1085
1078 1088
1078 1089
1078 1092
1078 1100
1078 1127
1078 1137
1078 1139
1078 1155
1078 1176
1078 1196
1078 1200
1078 1232
1078 1373
1078 1617
1079 1080
1079 1084
1079 1086
1079 1092
1079 1098
1079 1110
1079 1114
1079 1128
1079 1162
1079 1324
1080 1081
1080 1082
1080 1083
1080 1084
1080 1085
1080 1086
1080 1087
1080 1088
1080 1089
1080 1090
1080 1092
1080 1094
1080 1095
1080 1098
1080 1100
1080 1101
1080 1104
1080 1107
1080 1108
1080 1110
1080 1116
1080 1120
1080 1121
1080 1122
1080 1125
1080 1129
1080 1134
1080 1140
1080 1152
1080 1162
1080 1164
1080 1170
1080 1178
1080 1188
1080 1200
1080 1203
1080 1215
1080 1227
1080 1244
1080 1260
1080 1276
1080 1296
1080 1326
1080 1350
1080 1374
1080 1440
1080 1572
1080 1620
1081 1082
1081 1088
1081 1094
1081 1100
1081 1104
1081 1128
1081 1328
1082 1083
1082 1084
1082 1113
1082 1144
1082 1375
1082 1623
1083 1084
1083 1086
1083 1088
1083 1092
1083 1096
1083 1098
1083 1102
1083 1122
1083 1128
1083 1140
1083 1148
1083 1166
1083 1200
1083 1278
1083 1332
1083 1444
1084 1085
1084 1086
1084 1088
1084 1089
1084 1091
1084 1092
1084 1094
1084 1098
1084 1104
1084 1109
1084 1112
1084 1134
1084 1140
1084 1157
1084 1184
1084 1209
1084 1230
1084 1334
1084 1355
1084 1376
1084 1584
1084 1626
1085 1086
1085 1090
1085 1092
1085 1096
1085 1116
1085 1120
1085 1138
1085 1240
1085 1302
1085 1336
1086 1087
1086 1088
1086 1089
1086 1092
1086 1093
1086 1095
1086 1100
1086 1104
1086 1107
1086 1128
1086 1149
1086 1183
1086 1212
1086 1267
1086 1280
1086 1377
1086 1448
1086 1629
1087 1088
1087 1094
1087 1098
1087 1110
1087 1170
1087 1340
1088 1089
1088 1090
1088 1092
1088 1093
1088 1095
1088 1096
1088 1098
1088 1102
1088 1104
1088 1105
1088 1108
1088 1116
1088 1117
1088 1120
1088 1122
1088 1144
1088 1146
1088 1152
1088 1156
1088 1204
1088 1215
1088 1224
1088 1233
1088 1342
1088 1360
1088 1378
1088 1596
1088 1632
1089 1090
1089 1092
1089 1094
1089 1098
1089 1100
1089 1104
1089 1106
1089 1122
1089 1140
1089 1174
1089 1188
1089 1210
1089 1282
1089 1344
1089 1452
1090 1091
1090 1092
1090 1095
1090 1100
1090 1107
1090 1124
1090 1199
1090 1308
1090 1379
1090 1635
1091 1092
1091 1098
1091 1348
1092 1093
1092 1094
1092 1095
1092 1096
1092 1098
1092 1099
1092 1100
1092 1101
1092 1104
1092 1105
1092 1106
1092 1108
1092 1110
1092 1113
1092 1116
1092 1118
1092 1120
1092 1124
1092 1128
1092 1131
1092 1134
1092 1135
1092 1140
1092 1144
1092 1156
1092 1164
1092 1170
1092 1176
1092 1178
1092 1183
1092 1188
1092 1221
1092 1236
1092 1248
1092 1264
1092 1274
1092 1284
1092 1350
1092 1365
1092 1380
1092 1456
1092 1608
1092 1638
1093 1094
1093 1098
1093 1100
1093 1116
1093 1118
1093 1130
1093 1208
1093 1352
1094 1095
1094 1096
1094 1099
1094 1101
1094 1104
1094 1107
1094 1108
1094 1120
1094 1135
1094 1159
1094 1176
1094 1224
1094 1381
1094 1641
1095 1096
1095 1098
1095 1100
1095 1102
1095 1104
1095 1110
1095 1116
1095 1124
1095 1168
1095 1182
1095 1286
1095 1314
1095 1356
1095 1460
1096 1097
1096 1098
1096 1100
1096 1104
1096 1107
1096 1109
1096 1118
1096 1122
1096 1140
1096 1148
1096 1227
1096 1233
1096 1239
1096 1358
1096 1370
1096 1382
1096 1620
1096 1644
1097 1098
1097 1360
1098 1099
1098 1100
1098 1101
1098 1103
1098 1104
1098 1105
1098 1107
1098 1108
1098 1109
1098 1112
1098 1113
1098 1116
1098 1117
1098 1119
1098 1120
1098 1128
1098 1131
1098 1136
1098 1140
1098 1155
1098 1159
1098 1164
1098 1193
1098 1212
1098 1220
1098 1281
1098 1288
1098 1383
1098 1464
1098 1647
1099 1100
1099 1104
1099 1106
1099 1152
1099 1256
1099 1364
1100 1101
1100 1102
1100 1104
1100 1105
1100 1107
1100 1108
1100 1110
1100 1111
1100 1114
1100 1119
1100 1120
1100 1122
1100 1125
1100 1128
1100 1138
1100 1144
1100 1150
1100 1155
1100 1171
1100 1176
1100 1200
1100 1210
1100 1233
1100 1242
1100 1320
1100 1366
1100 1375
1100 1384
1100 1632
1100 1650
1101 1102
1101 1104
1101 1108
1101 1110
1101 1122
1101 1128
1101 1164
1101 1182
1101 1190
1101 1290
1101 1368
1101 1468
1102 1103
1102 1104
1102 1109
1102 1116
1102 1121
1102 1131
1102 1140
1102 1160
1102 1169
1102 1236
1102 1385
1102 1653
1103 1104
1103 1108
1103 1216
1103 1372
1104 1105
1104 1106
1104 1107
1104 1108
1104 1109
1104 1110
1104 1112
1104 1113
1104 1114
1104 1116
1104 1119
1104 1120
1104 1122
1104 1124
1104 1127
1104 1128
1104 1131
1104 1134
1104 1140
1104 1149
1104 1150
1104 1151
1104 1152
1104 1158
1104 1164
1104 1173
1104 1176
1104 1194
1104 1196
1104 1198
1104 1212
1104 1239
1104 1242
1104 1245
1104 1248
1104 1284
1104 1288
1104 1292
1104 1374
1104 1380
1104 1386
1104 1472
1104 1644
1104 1656
1105 1106
1105 1110
1105 1112
1105 1118
1105 1122
1105 1170
1105 1190
1105 1326
1105 1376
1106 1107
1106 1108
1106 1113
1106 1120
1106 1123
1106 1140
1106 1185
1106 1264
1106 1387
1106 1659
1107 1108
1107 1110
1107 1114
1107 1116
1107 1118
1107 1120
1107 1124
1107 1128
1107 1134
1107 1140
1107 1146
1107 1148
1107 1158
1107 1198
1107 1230
1107 1294
1107 1380
1107 1476
1108 1109
1108 1110
1108 1112
1108 1113
1108 1115
1108 1116
1108 1118
1108 1122
1108 1124
1108 1128
1108 1136
1108 1143
1108 1148
1108 1164
1108 1178
1108 1188
1108 1220
1108 1245
1108 1248
1108 1382
1108 1385
1108 1388
1108 1656
1108 1662
1109 1110
1109 1114
1109 1116
1109 1120
1109 1122
1109 1134
1109 1152
1109 1164
1109 1384
1110 1111
1110 1112
1110 1113
1110 1115
1110 1116
1110 1119
1110 1120
1110 1125
1110 1128
1110 1133
1110 1140
1110 1141
1110 1147
1110 1156
1110 1172
1110 1179
1110 1184
1110 1203
1110 1221
1110 1248
1110 1295
1110 1296
1110 1332
1110 1389
1110 1480
1110 1665
1111 1112
1111 1122
1111 1212
1111 1388
1112 1113
1112 1114
1112 1116
1112 1119
1112 1120
1112 1126
1112 1140
1112 1168
1112 1251
1112 1390
1113 1114
1113 1116
1113 1118
1113 1120
1113 1122
1113 1128
1113 1134
1113 1144
1113 1150
1113 1166
1113 1206
1113 1224
1113 1272
1113 1298
1113 1392
1113 1484
1114 1115
1114 1116
1114 1119
1114 1121
1114 1124
1114 1128
1114 1149
1114 1184
1114 1391
1115 1116
1115 1120
1115 1122
1115 1194
1115 1338
1115 1396
1116 1117
1116 1118
1116 1119
1116 1120
1116 1122
1116 1123
1116 1124
1116 1125
1116 1128
1116 1130
1116 1134
1116 1137
1116 1139
1116 1140
1116 1144
1116 1147
1116 1152
1116 1158
1116 1162
1116 1163
1116 1172
1116 1178
1116 1185
1116 1200
1116 1208
1116 1209
1116 1210
1116 1240
1116 1254
1116 1257
1116 1284
1116 1300
1116 1302
1116 1304
1116 1392
1116 1395
1116 1398
1116 1488
1117 1118
1117 1136
1117 1146
1117 1400
1118 1119
1118 1120
1118 1123
1118 1128
1118 1129
1118 1131
1118 1140
1118 1143
1118 1144
1118 1161
1118 1168
1118 1173
1118 1189
1118 1204
1118 1228
1118 1260
1118 1393
1119 1120
1119 1122
1119 1124
1119 1126
1119 1128
1119 1134
1119 1138
1119 1140
1119 1176
1119 1180
1119 1214
1119 1302
1119 1404
1119 1492
1120 1121
1120 1122
1120 1124
1120 1125
1120 1127
1120 1128
1120 1130
1120 1131
1120 1133
1120 1134
1120 1136
1120 1140
1120 1142
1120 1146
1120 1148
1120 1152
1120 1155
1120 1160
1120 1164
1120 1172
1120 1176
1120 1190
1120 1200
1120 1232
1120 1257
1120 1260
1120 1263
1120 1280
1120 1344
1120 1394
1120 1400
1120 1406
1121 1122
1121 1128
1121 1140
1121 1162
1121 1180
1121 1408
1122 1123
1122 1124
1122 1125
1122 1128
1122 1129
1122 1131
1122 1133
1122 1135
1122 1136
1122 1139
1122 1140
1122 1143
1122 1144
1122 1148
1122 1155
1122 1156
1122 1161
1122 1164
1122 1173
1122 1188
1122 1200
1122 1213
1122 1224
1122 1304
1122 1309
1122 1395
1122 1496
1123 1124
1123 1128
1123 1130
1123 1140
1123 1232
1123 1412
1124 1125
1124 1126
1124 1128
1124 1129
1124 1132
1124 1134
1124 1140
1124 1141
1124 1144
1124 1153
1124 1156
1124 1158
1124 1182
1124 1192
1124 1240
1124 1260
1124 1269
1124 1396
1124 1405
1124 1414
1125 1126
1125 1128
1125 1130
1125 1134
1125 1140
1125 1150
1125 1170
1125 1200
1125 1222
1125 1250
1125 1306
1125 1350
1125 1416
1125 1500
1126 1127
1126 1128
1126 1133
1126 1140
1126 1199
1126 1272
1126 1397
1127 1128
1127 1134
1127 1150
1127 1176
1127 1288
1127 1420
1128 1129
1128 1130
1128 1131
1128 1132
1128 1133
1128 1134
1128 1135
1128 1136
1128 1137
1128 1138
1128 1140
1128 1142
1128 1143
1128 1146
1128 1148
1128 1149
1128 1152
1128 1155
1128 1156
1128 1158
1128 1164
1128 1170
1128 1173
1128 1175
1128 1177
1128 1182
1128 1188
1128 1212
1128 1218
1128 1222
1128 1226
1128 1236
1128 1263
1128 1269
1128 1275
1128 1308
1128 1316
1128 1324
1128 1398
1128 1410
1128 1422
1128 1504
1129 1130
1129 1134
1129 1136
1129 1140
1129 1178
1129 1188
1129 1206
1129 1424
1130 1131
1130 1132
1130 1135
1130 1137
1130 1140
1130 1144
1130 1167
1130 1204
1130 1243
1130 1356
1130 1399
1131 1132
1131 1134
1131 1140
1131 1142
1131 1144
1131 1158
1131 1160
1131 1164
1131 1170
1131 1218
1131 1230
1131 1310
1131 1428
1131 1508
1132 1133
1132 1134
1132 1136
1132 1140
1132 1199
1132 1266
1132 1281
1132 1400
1132 1415
1132 1430
1133 1134
1133 1138
1133 1140
1133 1144
1133 1146
1133 1156
1133 1236
1133 1240
1133 1432
1134 1135
1134 1136
1134 1137
1134 1139
1134 1140
1134 1141
1134 1143
1134 1144
1134 1148
1134 1149
1134 1152
1134 1155
1134 1159
1134 1161
1134 1164
1134 1176
1134 1184
1134 1188
1134 1197
1134 1209
1134 1215
1134 1223
1134 1260
1134 1284
1134 1296
1134 1312
1134 1323
1134 1401
1134 1512
1135 1136
1135 1140
1135 1142
1135 1148
1135 1176
1135 1178
1135 1362
1135 1436
1136 1137
1136 1138
1136 1140
1136 1143
1136 1144
1136 1150
1136 1152
1136 1155
1136 1164
1136 1174
1136 1207
1136 1212
1136 1269
1136 1278
1136 1287
1136 1402
1136 1420
1136 1438
1137 1138
1137 1140
1137 1144
1137 1146
1137 1158
1137 1196
1137 1238
1137 1314
1137 1440
1137 1516
1138 1139
1138 1140
1138 1143
1138 1148
1138 1157
1138 1176
1138 1191
1138 1244
1138 1403
1139 1140
1139 1144
1139 1156
1139 1162
1139 1200
1139 1206
1139 1444
1140 1141
1140 1142
1140 1143
1140 1144
1140 1145
1140 1146
1140 1147
1140 1148
1140 1149
1140 1150
1140 1151
1140 1152
1140 1154
1140 1155
1140 1156
1140 1157
1140 1158
1140 1159
1140 1160
1140 1161
1140 1162
1140 1164
1140 1168
1140 1170
1140 1173
1140 1174
1140 1176
1140 1178
1140 1182
1140 1184
1140 1188
1140 1191
1140 1196
1140 1197
1140 1200
1140 1206
1140 1208
1140 1212
1140 1216
1140 1224
1140 1228
1140 1235
1140 1242
1140 1254
1140 1272
1140 1284
1140 1293
1140 1308
1140 1316
1140 1330
1140 1344
1140 1368
1140 1404
1140 1425
1140 1446
1140 1520
1141 1142
1141 1148
1141 1158
1141 1172
1141 1304
1141 1448
1142 1143
1142 1144
1142 1149
1142 1153
1142 1156
1142 1164
1142 1219
1142 1296
1142 1405
1143 1144
1143 1146
1143 1148
1143 1150
1143 1152
1143 1158
1143 1164
1143 1168
1143 1178
1143 1218
1143 1246
1143 1248
1143 1270
1143 1318
1143 1452
1143 1524
1144 1145
1144 1146
1144 1148
1144 1149
1144 1151
1144 1152
1144 1154
1144 1155
1144 1157
1144 1158
1144 1164
1144 1166
1144 1170
1144 1172
1144 1175
1144 1188
1144 1196
1144 1200
1144 1206
1144 1232
1144 1248
1144 1268
1144 1275
1144 1287
1144 1299
1144 1406
1144 1430
1144 1454
1145 1146
1145 1150
1145 1374
1145 1456
1146 1147
1146 1148
1146 1149
1146 1152
1146 1155
1146 1159
1146 1164
1146 1172
1146 1175
1146 1185
1146 1204
1146 1224
1146 1233
1146 1320
1146 1337
1146 1407
1146 1528
1147 1148
1147 1154
1147 1178
1147 1184
1147 1460
1148 1149
1148 1150
1148 1152
1148 1153
1148 1155
1148 1156
1148 1158
1148 1161
1148 1162
1148 1168
1148 1174
1148 1176
1148 1188
1148 1189
1148 1200
1148 1213
1148 1230
1148 1252
1148 1278
1148 1305
1148 1312
1148 1408
1148 1435
1148 1462
1149 1150
1149 1152
1149 1154
1149 1156
1149 1158
1149 1164
1149 1170
1149 1184
1149 1194
1149 1212
1149 1254
1149 1322
1149 1464
1149 1532
1150 1151
1150 1152
1150 1155
1150 1157
1150 1160
1150 1164
1150 1173
1150 1175
1150 1187
1150 1196
1150 1200
1150 1224
1150 1229
1150 1265
1150 1308
1150 1380
1150 1409
1151 1152
1151 1158
1151 1162
1151 1198
1151 1468
1152 1153
1152 1154
1152 1155
1152 1156
1152 1158
1152 1160
1152 1161
1152 1164
1152 1168
1152 1170
1152 1176
1152 1184
1152 1188
1152 1195
1152 1200
1152 1205
1152 1216
1152 1224
1152 1238
1152 1248
1152 1258
1152 1280
1152 1281
1152 1296
1152 1311
1152 1324
1152 1344
1152 1364
1152 1410
1152 1440
1152 1470
1152 1536
1153 1154
1153 1158
1153 1164
1153 1182
1153 1256
1153 1472
1154 1155
1154 1156
1154 1159
1154 1161
1154 1164
1154 1168
1154 1411
1155 1156
1155 1158
1155 1160
1155 1162
1155 1164
1155 1166
1155 1170
1155 1174
1155 1176
1155 1182
1155 1188
1155 1190
1155 1210
1155 1212
1155 1232
1155 1260
1155 1262
1155 1320
1155 1326
1155 1386
1155 1476
1155 1540
1156 1157
1156 1158
1156 1160
1156 1163
1156 1164
1156 1170
1156 1172
1156 1173
1156 1179
1156 1184
1156 1188
1156 1190
1156 1202
1156 1220
1156 1224
1156 1248
1156 1284
1156 1317
1156 1412
1156 1445
1156 1478
1157 1158
1157 1164
1157 1170
1157 1174
1157 1176
1157 1230
1157 1246
1157 1480
1158 1159
1158 1160
1158 1161
1158 1163
1158 1164
1158 1165
1158 1167
1158 1168
1158 1172
1158 1173
1158 1175
1158 1176
1158 1179
1158 1185
1158 1188
1158 1192
1158 1200
1158 1209
1158 1212
1158 1239
1158 1243
1158 1260
1158 1320
1158 1328
1158 1351
1158 1413
1158 1544
1159 1160
1159 1164
1159 1172
1159 1178
1159 1184
1159 1220
1159 1224
1159 1484
1160 1161
1160 1162
1160 1164
1160 1165
1160 1168
1160 1170
1160 1180
1160 1189
1160 1200
1160 1218
1160 1276
1160 1287
1160 1305
1160 1323
1160 1392
1160 1414
1160 1450
1160 1486
1161 1162
1161 1164
1161 1168
1161 1170
1161 1174
1161 1182
1161 1188
1161 1200
1161 1204
1161 1270
1161 1290
1161 1330
1161 1488
1161 1548
1162 1163
1162 1164
1162 1169
1162 1173
1162 1176
1162 1184
1162 1185
1162 1203
1162 1208
1162 1244
1162 1245
1162 1328
1162 1415
1163 1164
1163 1168
1163 1170
1163 1210
1163 1264
1163 1492
1164 1165
1164 1166
1164 1167
1164 1168
1164 1169
1164 1170
1164 1171
1164 1172
1164 1173
1164 1174
1164 1175
1164 1176
1164 1178
1164 1179
1164 1182
1164 1184
1164 1185
1164 1186
1164 1188
1164 1192
1164 1194
1164 1197
1164 1200
1164 1206
1164 1208
1164 1219
1164 1220
1164 1224
1164 1227
1164 1230
1164 1236
1164 1248
1164 1261
1164 1274
1164 1290
1164 1296
1164 1329
1164 1332
1164 1358
1164 1384
1164 1416
1164 1455
1164 1494
1164 1552
1165 1166
1165 1170
1165 1172
1165 1398
1165 1496
1166 1167
1166 1168
1166 1177
1166 1188
1166 1219
1166 1249
1166 1272
1166 1332
1166 1417
1167 1168
1167 1170
1167 1176
1167 1204
1167 1278
1167 1334
1167 1500
1167 1556
1168 1169
1168 1170
1168 1172
1168 1173
1168 1175
1168 1176
1168 1178
1168 1182
1168 1184
1168 1188
1168 1193
1168 1196
1168 1218
1168 1224
1168 1241
1168 1268
1168 1293
1168 1314
1168 1335
1168 1418
1168 1460
1168 1502
1169 1170
1169 1174
1169 1176
1169 1236
1169 1336
1169 1504
1170 1171
1170 1172
1170 1173
1170 1175
1170 1176
1170 1177
1170 1179
1170 1180
1170 1183
1170 1184
1170 1185
1170 1188
1170 1191
1170 1196
1170 1200
1170 1209
1170 1212
1170 1215
1170 1235
1170 1248
1170 1253
1170 1260
1170 1287
1170 1300
1170 1336
1170 1365
1170 1404
1170 1419
1170 1560
1171 1172
1171 1178
1171 1242
1171 1508
1172 1173
1172 1174
1172 1176
1172 1179
1172 1180
1172 1185
1172 1186
1172 1188
1172 1198
1172 1200
1172 1203
1172 1224
1172 1228
1172 1234
1172 1296
1172 1341
1172 1420
1172 1465
1172 1510
1173 1174
1173 1176
1173 1178
1173 1182
1173 1184
1173 1188
1173 1190
1173 1196
1173 1206
1173 1218
1173 1224
1173 1228
1173 1242
1173 1272
1173 1286
1173 1338
1173 1512
1173 1564
1174 1175
1174 1176
1174 1179
1174 1184
1174 1187
1174 1191
1174 1193
1174 1200
1174 1208
1174 1212
1174 1259
1174 1344
1174 1421
1175 1176
1175 1180
1175 1182
1175 1186
1175 1192
1175 1200
1175 1204
1175 1206
1175 1222
1175 1410
1175 1516
1176 1177
1176 1178
1176 1179
1176 1180
1176 1182
1176 1183
1176 1184
1176 1185
1176 1188
1176 1190
1176 1194
1176 1195
1176 1197
1176 1200
1176 1204
1176 1212
1176 1214
1176 1217
1176 1218
1176 1225
1176 1232
1176 1233
1176 1248
1176 1252
1176 1258
1176 1260
1176 1274
1176 1290
1176 1299
1176 1323
1176 1340
1176 1344
1176 1347
1176 1372
1176 1404
1176 1422
1176 1470
1176 1518
1176 1568
1177 1178
1177 1184
1177 1188
1177 1226
1177 1284
1177 1520
1178 1179
1178 1180
1178 1183
1178 1185
1178 1188
1178 1192
1178 1197
1178 1209
1178 1213
1178 1216
1178 1221
1178 1227
1178 1240
1178 1248
1178 1264
1178 1276
1178 1423
1179 1180
1179 1182
1179 1184
1179 1186
1179 1188
1179 1194
1179 1200
1179 1202
1179 1248
1179 1294
1179 1310
1179 1342
1179 1524
1179 1572
1180 1181
1180 1182
1180 1184
1180 1185
1180 1188
1180 1190
1180 1200
1180 1239
1180 1241
1180 1298
1180 1302
1180 1353
1180 1416
1180 1424
1180 1475
1180 1526
1181 1182
1181 1528
1182 1183
1182 1184
1182 1185
1182 1188
1182 1189
1182 1191
1182 1196
1182 1200
1182 1203
1182 1209
1182 1211
1182 1224
1182 1236
1182 1240
1182 1263
1182 1269
1182 1344
1182 1356
1182 1379
1182 1425
1182 1576
1183 1184
1183 1188
1183 1190
1183 1196
1183 1274
1183 1280
1183 1352
1183 1532
1184 1185
1184 1186
1184 1188
1184 1189
1184 1191
1184 1192
1184 1194
1184 1195
1184 1198
1184 1200
1184 1204
1184 1206
1184 1209
1184 1212
1184 1216
1184 1219
1184 1221
1184 1228
1184 1234
1184 1254
1184 1258
1184 1284
1184 1305
1184 1324
1184 1332
1184 1359
1184 1426
1184 1480
1184 1534
1185 1186
1185 1188
1185 1190
1185 1192
1185 1194
1185 1198
1185 1200
1185 1206
1185 1208
1185 1212
1185 1224
1185 1254
1185 1264
1185 1302
1185 1346
1185 1422
1185 1536
1185 1580
1186 1187
1186 1188
1186 1193
1186 1197
1186 1200
1186 1208
1186 1427
1187 1188
1187 1200
1187 1224
1187 1540
1188 1189
1188 1190
1188 1191
1188 1192
1188 1193
1188 1194
1188 1196
1188 1197
1188 1198
1188 1199
1188 1200
1188 1203
1188 1204
1188 1206
1188 1208
1188 1210
1188 1212
1188 1215
1188 1218
1188 1220
1188 1221
1188 1224
1188 1228
1188 1232
1188 1236
1188 1242
1188 1247
1188 1248
1188 1254
1188 1268
1188 1284
1188 1287
1188 1296
1188 1306
1188 1308
1188 1320
1188 1348
1188 1365
1188 1386
1188 1424
1188 1428
1188 1485
1188 1542
1188 1584
1189 1190
1189 1194
1189 1196
1189 1218
1189 1230
1189 1260
1189 1544
1190 1191
1190 1192
1190 1195
1190 1197
1190 1200
1190 1204
1190 1207
1190 1224
1190 1225
1190 1260
1190 1275
1190 1279
1190 1309
1190 1360
1190 1368
1190 1428
1190 1429
1191 1192
1191 1194
1191 1198
1191 1200
1191 1208
1191 1212
1191 1242
1191 1244
1191 1310
1191 1350
1191 1548
1191 1588
1192 1193
1192 1194
1192 1196
1192 1199
1192 1200
1192 1206
1192 1209
1192 1220
1192 1226
1192 1260
1192 1311
1192 1341
1192 1371
1192 1430
1192 1490
1192 1550
1193 1194
1193 1198
1193 1200
1193 1212
1193 1218
1193 1288
1193 1552
1194 1195
1194 1196
1194 1197
1194 1199
1194 1200
1194 1203
1194 1204
1194 1209
1194 1212
1194 1224
1194 1239
1194 1273
1194 1284
1194 1352
1194 1393
1194 1431
1194 1592
1195 1196
1195 1200
1195 1206
1195 1214
1195 1238
1195 1434
1195 1556
1196 1197
1196 1198
1196 1200
1196 1203
1196 1204
1196 1209
1196 1210
1196 1219
1196 1222
1196 1224
1196 1242
1196 1248
1196 1252
1196 1255
1196 1288
1196 1314
1196 1377
1196 1432
1196 1495
1196 1558
1197 1198
1197 1200
1197 1204
1197 1206
1197 1208
1197 1216
1197 1218
1197 1230
1197 1254
1197 1260
1197 1318
1197 1330
1197 1354
1197 1368
1197 1560
1197 1596
1198 1199
1198 1200
1198 1203
1198 1205
1198 1208
1198 1211
1198 1212
1198 1224
1198 1245
1198 1289
1198 1292
1198 1380
1198 1433
1199 1200
1199 1204
1199 1206
1199 1210
1199 1266
1199 1272
1199 1308
1199 1564
1200 1201
1200 1202
1200 1203
1200 1204
1200 1205
1200 1206
1200 1207
1200 1208
1200 1209
1200 1210
1200 1212
1200 1213
1200 1214
1200 1215
1200 1216
1200 1218
1200 1220
1200 1221
1200 1224
1200 1225
1200 1226
1200 1228
1200 1230
1200 1236
1200 1239
1200 1240
1200 1242
1200 1248
1200 1250
1200 1252
1200 1256
1200 1260
1200 1261
1200 1275
1200 1278
1200 1280
1200 1284
1200 1300
1200 1317
1200 1320
1200 1322
1200 1350
1200 1356
1200 1368
1200 1383
1200 1400
1200 1434
1200 1440
1200 1444
1200 1500
1200 1566
1200 1600
1201 1202
1201 1568
1202 1203
1202 1204
1202 1225
1202 1248
1202 1435
1203 1204
1203 1206
1203 1208
1203 1210
1203 1212
1203 1218
1203 1224
1203 1234
1203 1244
1203 1296
1203 1326
1203 1358
1203 1572
1203 1604
1204 1205
1204 1206
1204 1208
1204 1209
1204 1211
1204 1212
1204 1214
1204 1218
1204 1220
1204 1224
1204 1232
1204 1233
1204 1241
1204 1247
1204 1262
1204 1278
1204 1290
1204 1320
1204 1352
1204 1376
1204 1389
1204 1436
1204 1505
1204 1574
1205 1206
1205 1210
1205 1212
1205 1258
1205 1446
1205 1576
1206 1207
1206 1208
1206 1209
1206 1212
1206 1213
1206 1215
1206 1217
1206 1220
1206 1224
1206 1227
1206 1228
1206 1237
1206 1239
1206 1248
1206 1268
1206 1272
1206 1273
1206 1283
1206 1299
1206 1340
1206 1360
1206 1392
1206 1407
1206 1437
1206 1608
1207 1208
1207 1214
1207 1224
1207 1278
1207 1580
1208 1209
1208 1210
1208 1212
1208 1213
1208 1216
1208 1218
1208 1219
1208 1225
1208 1228
1208 1230
1208 1231
1208 1242
1208 1252
1208 1254
1208 1276
1208 1300
1208 1323
1208 1359
1208 1395
1208 1438
1208 1510
1208 1582
1209 1210
1209 1212
1209 1214
1209 1218
1209 1222
1209 1224
1209 1226
1209 1234
1209 1236
1209 1240
1209 1248
1209 1260
1209 1284
1209 1302
1209 1334
1209 1362
1209 1584
1209 1612
1210 1211
1210 1212
1210 1215
1210 1217
1210 1220
1210 1221
1210 1224
1210 1232
1210 1257
1210 1265
1210 1304
1210 1320
1210 1331
1210 1439
1210 1452
1211 1212
1211 1218
1211 1224
1211 1240
1211 1384
1211 1588
1212 1213
1212 1214
1212 1215
1212 1216
1212 1218
1212 1219
1212 1220
1212 1221
1212 1224
1212 1226
1212 1230
1212 1231
1212 1233
1212 1236
1212 1239
1212 1240
1212 1248
1212 1250
1212 1254
1212 1266
1212 1269
1212 1275
1212 1284
1212 1288
1212 1296
1212 1313
1212 1320
1212 1326
1212 1338
1212 1364
1212 1401
1212 1414
1212 1440
1212 1464
1212 1515
1212 1590
1212 1616
1213 1214
1213 1218
1213 1220
1213 1226
1213 1248
1213 1278
1213 1304
1213 1592
1214 1215
1214 1216
1214 1219
1214 1221
1214 1224
1214 1228
1214 1233
1214 1252
1214 1309
1214 1404
1214 1441
1215 1216
1215 1218
1215 1220
1215 1224
1215 1230
1215 1242
1215 1260
1215 1296
1215 1342
1215 1350
1215 1366
1215 1458
1215 1596
1215 1620
1216 1217
1216 1218
1216 1220
1216 1224
1216 1232
1216 1235
1216 1248
1216 1254
1216 1280
1216 1292
1216 1329
1216 1368
1216 1407
1216 1442
1216 1520
1216 1598
1217 1218
1217 1224
1217 1228
1217 1258
1217 1600
1218 1219
1218 1220
1218 1221
1218 1223
1218 1224
1218 1225
1218 1227
1218 1228
1218 1232
1218 1233
1218 1236
1218 1239
1218 1243
1218 1247
1218 1248
1218 1260
1218 1263
1218 1268
1218 1276
1218 1293
1218 1305
1218 1308
1218 1368
1218 1392
1218 1421
1218 1443
1218 1624
1219 1220
1219 1224
1219 1226
1219 1230
1219 1242
1219 1254
1219 1272
1219 1274
1219 1296
1219 1604
1220 1221
1220 1222
1220 1224
1220 1225
1220 1227
1220 1228
1220 1230
1220 1234
1220 1236
1220 1240
1220 1248
1220 1252
1220 1276
1220 1281
1220 1284
1220 1332
1220 1342
1220 1413
1220 1444
1220 1464
1220 1525
1220 1606
1221 1222
1221 1224
1221 1228
1221 1230
1221 1232
1221 1242
1221 1254
1221 1258
1221 1264
1221 1332
1221 1350
1221 1370
1221 1608
1221 1628
1222 1223
1222 1224
1222 1235
1222 1248
1222 1269
1222 1316
1222 1319
1222 1416
1222 1445
1223 1224
1223 1228
1223 1312
1223 1612
1224 1225
1224 1226
1224 1227
1224 1228
1224 1229
1224 1230
1224 1231
1224 1232
1224 1233
1224 1234
1224 1236
1224 1237
1224 1238
1224 1239
1224 1241
1224 1242
1224 1244
1224 1245
1224 1248
1224 1250
1224 1252
1224 1254
1224 1258
1224 1260
1224 1261
1224 1263
1224 1266
1224 1275
1224 1276
1224 1280
1224 1284
1224 1289
1224 1292
1224 1296
1224 1298
1224 1302
1224 1308
1224 1326
1224 1335
1224 1354
1224 1360
1224 1372
1224 1377
1224 1380
1224 1392
1224 1419
1224 1428
1224 1446
1224 1484
1224 1530
1224 1614
1224 1632
1225 1226
1225 1230
1225 1232
1225 1242
1225 1248
1225 1250
1225 1260
1225 1274
1225 1400
1225 1470
1225 1616
1226 1227
1226 1228
1226 1233
1226 1239
1226 1240
1226 1243
1226 1252
1226 1260
1226 1275
1226 1324
1226 1447
1227 1228
1227 1230
1227 1234
1227 1236
1227 1248
1227 1276
1227 1290
1227 1358
1227 1374
1227 1620
1227 1636
1228 1229
1228 1230
1228 1232
1228 1233
1228 1235
1228 1236
1228 1238
1228 1239
1228 1242
1228 1248
1228 1250
1228 1256
1228 1268
1228 1272
1228 1283
1228 1284
1228 1316
1228 1338
1228 1425
1228 1448
1228 1535
1228 1622
1229 1230
1229 1234
1229 1308
1229 1624
1230 1231
1230 1232
1230 1233
1230 1235
1230 1236
1230 1239
1230 1240
1230 1241
1230 1245
1230 1248
1230 1252
1230 1260
1230 1263
1230 1271
1230 1296
1230 1303
1230 1312
1230 1329
1230 1353
1230 1376
1230 1428
1230 1435
1230 1449
1230 1476
1230 1640
1231 1232
1231 1238
1231 1250
1231 1254
1231 1628
1232 1233
1232 1234
1232 1236
1232 1239
1232 1240
1232 1243
1232 1246
1232 1248
1232 1254
1232 1260
1232 1276
1232 1288
1232 1309
1232 1320
1232 1341
1232 1344
1232 1386
1232 1408
1232 1431
1232 1450
1232 1540
1232 1630
1233 1234
1233 1236
1233 1238
1233 1240
1233 1242
1233 1248
1233 1252
1233 1254
1233 1262
1233 1290
1233 1320
1233 1366
1233 1370
1233 1378
1233 1632
1233 1644
1234 1235
1234 1236
1234 1239
1234 1241
1234 1244
1234 1248
1234 1259
1234 1265
1234 1284
1234 1296
1234 1451
1235 1236
1235 1240
1235 1242
1235 1248
1235 1254
1235 1300
1235 1330
1235 1482
1235 1636
1236 1237
1236 1238
1236 1239
1236 1240
1236 1242
1236 1244
1236 1245
1236 1248
1236 1252
1236 1254
1236 1260
1236 1263
1236 1272
1236 1284
1236 1290
1236 1303
1236 1308
1236 1339
1236 1344
1236 1370
1236 1380
1236 1437
1236 1442
1236 1452
1236 1504
1236 1545
1236 1638
1236 1648
1237 1238
1237 1250
1237 1268
1237 1640
1238 1239
1238 1240
1238 1243
1238 1245
1238 1248
1238 1252
1238 1281
1238 1324
1238 1339
1238 1440
1238 1453
1239 1240
1239 1242
1239 1244
1239 1246
1239 1248
1239 1250
1239 1252
1239 1254
1239 1260
1239 1266
1239 1272
1239 1278
1239 1284
1239 1298
1239 1320
1239 1374
1239 1382
1239 1416
1239 1644
1239 1652
1240 1241
1240 1242
1240 1244
1240 1245
1240 1247
1240 1248
1240 1250
1240 1254
1240 1260
1240 1268
1240 1269
1240 1271
1240 1280
1240 1298
1240 1302
1240 1347
1240 1356
1240 1364
1240 1395
1240 1443
1240 1454
1240 1488
1240 1550
1240 1646
1241 1242
1241 1248
1241 1252
1241 1258
1241 1278
1241 1302
1241 1314
1241 1648
1242 1243
1242 1244
1242 1245
1242 1248
1242 1249
1242 1251
1242 1256
1242 1259
1242 1260
1242 1263
1242 1265
1242 1269
1242 1276
1242 1284
1242 1288
1242 1293
1242 1296
1242 1311
1242 1313
1242 1344
1242 1380
1242 1384
1242 1449
1242 1455
1242 1656
1243 1244
1243 1248
1243 1254
1243 1260
1243 1268
1243 1328
1243 1356
1243 1652
1244 1245
1244 1246
1244 1248
1244 1249
1244 1252
1244 1254
1244 1264
1244 1285
1244 1297
1244 1326
1244 1350
1244 1408
1244 1449
1244 1456
1244 1555
1244 1654
1245 1246
1245 1248
1245 1250
1245 1252
1245 1254
1245 1260
1245 1266
1245 1292
1245 1328
1245 1382
1245 1386
1245 1494
1245 1656
1245 1660
1246 1247
1246 1248
1246 1253
1246 1260
1246 1335
1246 1349
1246 1424
1246 1452
1246 1457
1247 1248
1247 1254
1247 1276
1247 1290
1247 1306
1247 1660
1248 1249
1248 1250
1248 1251
1248 1252
1248 1253
1248 1254
1248 1255
1248 1256
1248 1257
1248 1258
1248 1260
1248 1261
1248 1262
1248 1263
1248 1264
1248 1266
1248 1268
1248 1269
1248 1271
1248 1272
1248 1274
1248 1276
1248 1278
1248 1280
1248 1283
1248 1284
1248 1287
1248 1290
1248 1294
1248 1296
1248 1300
1248 1308
1248 1317
1248 1318
1248 1320
1248 1326
1248 1332
1248 1340
1248 1344
1248 1352
1248 1353
1248 1386
1248 1388
1248 1392
1248 1404
1248 1455
1248 1456
1248 1458
1248 1524
1248 1560
1248 1662
1248 1664
1249 1250
1249 1254
1249 1256
1249 1332
1249 1664
1250 1251
1250 1252
1250 1255
1250 1260
1250 1261
1250 1263
1250 1269
1250 1272
1250 1275
1250 1276
1250 1288
1250 1300
1250 1375
1250 1459
1250 1500
1251 1252
1251 1254
1251 1260
1251 1390
1252 1253
1252 1254
1252 1256
1252 1259
1252 1260
1252 1263
1252 1265
1252 1266
1252 1268
1252 1271
1252 1274
1252 1278
1252 1280
1252 1284
1252 1290
1252 1296
1252 1304
1252 1308
1252 1328
1252 1356
1252 1460
1252 1461
1252 1565
1253 1254
1253 1258
1253 1260
1253 1336
1253 1432
1254 1255
1254 1256
1254 1257
1254 1259
1254 1260
1254 1261
1254 1263
1254 1264
1254 1265
1254 1268
1254 1269
1254 1272
1254 1273
1254 1275
1254 1276
1254 1277
1254 1284
1254 1287
1254 1289
1254 1292
1254 1296
1254 1300
1254 1311
1254 1320
1254 1323
1254 1324
1254 1359
1254 1368
1254 1392
1254 1461
1254 1463
1254 1464
1255 1256
1255 1260
1255 1262
1255 1314
1255 1506
1256 1257
1256 1258
1256 1260
1256 1263
1256 1264
1256 1270
1256 1284
1256 1312
1256 1359
1256 1413
1256 1462
1256 1467
1256 1570
1257 1258
1257 1260
1257 1266
1257 1304
1257 1394
1257 1398
1258 1259
1258 1260
1258 1263
1258 1268
1258 1275
1258 1292
1258 1295
1258 1299
1258 1311
1258 1332
1258 1340
1258 1364
1258 1463
1259 1260
1259 1264
1259 1266
1259 1276
1259 1284
1259 1344
1260 1261
1260 1262
1260 1263
1260 1264
1260 1265
1260 1266
1260 1267
1260 1268
1260 1269
1260 1270
1260 1272
1260 1274
1260 1275
1260 1277
1260 1278
1260 1280
1260 1281
1260 1284
1260 1288
1260 1290
1260 1294
1260 1295
1260 1296
1260 1302
1260 1305
1260 1311
1260 1320
1260 1323
1260 1328
1260 1330
1260 1331
1260 1344
1260 1350
1260 1362
1260 1365
1260 1386
1260 1396
1260 1400
1260 1402
1260 1440
1260 1464
1260 1470
1260 1473
1260 1512
1260 1544
1260 1575
1261 1262
1261 1268
1261 1272
1261 1274
1261 1298
1261 1322
1261 1358
1262 1263
1262 1264
1262 1269
1262 1276
1262 1291
1262 1320
1262 1369
1262 1465
1262 1476
1263 1264
1263 1266
1263 1268
1263 1270
1263 1272
1263 1274
1263 1276
1263 1278
1263 1284
1263 1290
1263 1296
1263 1302
1263 1308
1263 1344
1263 1398
1263 1406
1264 1265
1264 1266
1264 1268
1264 1269
1264 1272
1264 1274
1264 1280
1264 1284
1264 1307
1264 1343
1264 1350
1264 1365
1264 1422
1264 1436
1264 1466
1264 1479
1264 1580
1265 1266
1265 1270
1265 1276
1265 1278
1265 1288
1265 1296
1265 1320
1265 1380
1265 1518
1266 1267
1266 1268
1266 1269
1266 1272
1266 1273
1266 1275
1266 1280
1266 1284
1266 1287
1266 1293
1266 1308
1266 1320
1266 1333
1266 1400
1266 1467
1266 1477
1267 1268
1267 1274
1267 1448
1268 1269
1268 1270
1268 1272
1268 1273
1268 1275
1268 1276
1268 1278
1268 1282
1268 1284
1268 1288
1268 1293
1268 1296
1268 1299
1268 1308
1268 1318
1268 1330
1268 1348
1268 1368
1268 1392
1268 1468
1268 1485
1268 1585
1269 1270
1269 1272
1269 1274
1269 1276
1269 1278
1269 1284
1269 1288
1269 1290
1269 1296
1269 1298
1269 1316
1269 1326
1269 1356
1269 1402
1269 1410
1269 1414
1270 1271
1270 1272
1270 1275
1270 1277
1270 1280
1270 1284
1270 1379
1270 1397
1270 1469
1270 1488
1270 1524
1271 1272
1271 1290
1271 1294
1271 1302
1271 1312
1272 1273
1272 1274
1272 1275
1272 1276
1272 1278
1272 1280
1272 1281
1272 1283
1272 1284
1272 1290
1272 1294
1272 1296
1272 1305
1272 1308
1272 1316
1272 1325
1272 1338
1272 1345
1272 1371
1272 1378
1272 1404
1272 1418
1272 1431
1272 1470
1272 1484
1272 1491
1272 1564
1272 1590
1273 1274
1273 1278
1273 1280
1273 1292
1273 1340
1273 1352
1274 1275
1274 1276
1274 1279
1274 1281
1274 1284
1274 1285
1274 1287
1274 1288
1274 1296
1274 1300
1274 1323
1274 1329
1274 1365
1274 1372
1274 1384
1274 1456
1274 1471
1275 1276
1275 1278
1275 1280
1275 1282
1275 1284
1275 1290
1275 1292
1275 1296
1275 1300
1275 1324
1275 1326
1275 1338
1275 1350
1275 1360
1275 1406
1275 1422
1275 1530
1276 1277
1276 1278
1276 1280
1276 1283
1276 1284
1276 1287
1276 1289
1276 1290
1276 1293
1276 1298
1276 1302
1276 1304
1276 1305
1276 1310
1276 1320
1276 1325
1276 1328
1276 1332
1276 1334
1276 1344
1276 1374
1276 1392
1276 1472
1276 1497
1276 1595
1277 1278
1277 1284
1277 1294
1277 1300
1278 1279
1278 1280
1278 1281
1278 1283
1278 1284
1278 1287
1278 1288
1278 1291
1278 1293
1278 1296
1278 1304
1278 1308
1278 1315
1278 1317
1278 1343
1278 1349
1278 1352
1278 1356
1278 1389
1278 1408
1278 1420
1278 1473
1278 1491
1278 1500
1279 1280
1279 1284
1279 1368
1280 1281
1280 1282
1280 1284
1280 1285
1280 1287
1280 1288
1280 1290
1280 1294
1280 1296
1280 1300
1280 1308
1280 1312
1280 1320
1280 1336
1280 1344
1280 1360
1280 1377
1280 1408
1280 1440
1280 1474
1280 1503
1280 1536
1280 1600
1281 1282
1281 1284
1281 1288
1281 1290
1281 1302
1281 1324
1281 1342
1281 1410
1281 1430
1281 1464
1282 1283
1282 1284
1282 1289
1282 1296
1282 1475
1283 1284
1283 1288
1283 1290
1283 1294
1283 1318
1283 1338
1283 1360
1284 1285
1284 1286
1284 1287
1284 1288
1284 1289
1284 1290
1284 1291
1284 1292
1284 1293
1284 1294
1284 1296
1284 1298
1284 1299
1284 1300
1284 1302
1284 1304
1284 1305
1284 1308
1284 1309
1284 1312
1284 1314
1284 1316
1284 1320
1284 1326
1284 1329
1284 1332
1284 1334
1284 1340
1284 1344
1284 1348
1284 1356
1284 1359
1284 1368
1284 1374
1284 1380
1284 1384
1284 1391
1284 1412
1284 1428
1284 1434
1284 1452
1284 1464
1284 1476
1284 1498
1284 1509
1284 1584
1284 1605
1285 1286
1285 1290
1285 1296
1285 1326
1285 1542
1286 1287
1286 1288
1286 1399
1286 1477
1286 1512
1287 1288
1287 1290
1287 1294
1287 1296
1287 1298
1287 1300
1287 1308
1287 1320
1287 1326
1287 1386
1287 1404
1287 1414
1287 1430
1287 1438
1288 1289
1288 1290
1288 1292
1288 1293
1288 1295
1288 1296
1288 1298
1288 1302
1288 1307
1288 1308
1288 1311
1288 1316
1288 1326
1288 1334
1288 1344
1288 1364
1288 1380
1288 1383
1288 1449
1288 1472
1288 1478
1288 1515
1288 1610
1289 1290
1289 1294
1289 1296
1289 1302
1289 1324
1289 1354
1289 1380
1290 1291
1290 1292
1290 1293
1290 1295
1290 1296
1290 1297
1290 1299
1290 1300
1290 1304
1290 1305
1290 1308
1290 1309
1290 1311
1290 1317
1290 1320
1290 1328
1290 1332
1290 1333
1290 1344
1290 1347
1290 1353
1290 1376
1290 1404
1290 1416
1290 1419
1290 1479
1290 1505
1290 1548
1291 1292
1291 1298
1291 1304
1291 1320
1292 1293
1292 1294
1292 1296
1292 1300
1292 1309
1292 1311
1292 1326
1292 1330
1292 1339
1292 1360
1292 1368
1292 1386
1292 1480
1292 1521
1292 1615
1293 1294
1293 1296
1293 1298
1293 1302
1293 1308
1293 1310
1293 1318
1293 1320
1293 1344
1293 1368
1293 1418
1293 1446
1294 1295
1294 1296
1294 1299
1294 1301
1294 1304
1294 1305
1294 1308
1294 1311
1294 1316
1294 1317
1294 1328
1294 1340
1294 1409
1294 1481
1294 1524
1295 1296
1295 1300
1295 1302
1295 1330
1295 1332
1295 1480
1295 1554
1296 1297
1296 1298
1296 1299
1296 1300
1296 1302
1296 1303
1296 1304
1296 1305
1296 1307
1296 1308
1296 1310
1296 1312
1296 1314
1296 1317
1296 1318
1296 1320
1296 1323
1296 1324
1296 1327
1296 1329
1296 1332
1296 1338
1296 1340
1296 1344
1296 1350
1296 1358
1296 1362
1296 1368
1296 1373
1296 1377
1296 1380
1296 1389
1296 1404
1296 1420
1296 1428
1296 1440
1296 1450
1296 1458
1296 1482
1296 1512
1296 1527
1296 1604
1296 1620
1297 1298
1297 1304
1297 1350
1298 1299
1298 1300
1298 1303
1298 1305
1298 1308
1298 1309
1298 1312
1298 1320
1298 1327
1298 1335
1298 1356
1298 1357
1298 1372
1298 1416
1298 1483
1299 1300
1299 1302
1299 1304
1299 1308
1299 1314
1299 1330
1299 1340
1299 1392
1299 1422
1299 1454
1300 1301
1300 1302
1300 1304
1300 1305
1300 1308
1300 1310
1300 1313
1300 1316
1300 1320
1300 1323
1300 1325
1300 1326
1300 1346
1300 1350
1300 1352
1300 1365
1300 1392
1300 1400
1300 1430
1300 1484
1300 1533
1300 1560
1300 1625
1301 1302
1301 1308
1302 1303
1302 1304
1302 1305
1302 1308
1302 1309
1302 1311
1302 1315
1302 1316
1302 1320
1302 1323
1302 1328
1302 1333
1302 1341
1302 1344
1302 1363
1302 1364
1302 1380
1302 1395
1302 1419
1302 1424
1302 1485
1302 1488
1302 1519
1302 1536
1303 1304
1303 1308
1303 1310
1303 1370
1303 1376
1304 1305
1304 1306
1304 1308
1304 1309
1304 1311
1304 1312
1304 1314
1304 1317
1304 1318
1304 1324
1304 1330
1304 1332
1304 1351
1304 1356
1304 1395
1304 1398
1304 1467
1304 1486
1304 1492
1304 1539
1304 1630
1305 1306
1305 1308
1305 1310
1305 1312
1305 1314
1305 1316
1305 1320
1305 1326
1305 1334
1305 1338
1305 1350
1305 1392
1305 1426
1305 1450
1305 1462
1305 1566
1306 1307
1306 1308
1306 1365
1306 1424
1306 1487
1307 1308
1307 1318
1307 1326
1307 1350
1308 1309
1308 1310
1308 1311
1308 1312
1308 1313
1308 1314
1308 1315
1308 1316
1308 1317
1308 1318
1308 1320
1308 1322
1308 1323
1308 1326
1308 1328
1308 1329
1308 1332
1308 1336
1308 1338
1308 1344
1308 1348
1308 1350
1308 1353
1308 1364
1308 1368
1308 1380
1308 1387
1308 1392
1308 1398
1308 1417
1308 1428
1308 1466
1308 1476
1308 1488
1308 1526
1308 1545
1308 1624
1308 1635
1309 1310
1309 1314
1309 1316
1309 1320
1309 1326
1309 1328
1309 1334
1309 1386
1309 1404
1309 1428
1309 1496
1310 1311
1310 1312
1310 1315
1310 1317
1310 1320
1310 1324
1310 1327
1310 1344
1310 1429
1310 1441
1310 1489
1310 1548
1310 1572
1311 1312
1311 1314
1311 1318
1311 1320
1311 1328
1311 1330
1311 1332
1311 1334
1311 1362
1311 1364
1311 1368
1311 1380
1311 1430
1311 1470
1312 1313
1312 1314
1312 1316
1312 1319
1312 1320
1312 1326
1312 1328
1312 1340
1312 1344
1312 1353
1312 1368
1312 1394
1312 1401
1312 1476
1312 1490
1312 1551
1312 1640
1313 1314
1313 1318
1313 1326
1313 1384
1313 1414
1314 1315
1314 1316
1314 1317
1314 1319
1314 1320
1314 1323
1314 1324
1314 1329
1314 1332
1314 1344
1314 1373
1314 1387
1314 1432
1314 1460
1314 1491
1314 1533
1315 1316
1315 1320
1315 1322
1315 1328
1315 1352
1315 1578
1316 1317
1316 1318
1316 1320
1316 1323
1316 1324
1316 1327
1316 1330
1316 1332
1316 1338
1316 1344
1316 1348
1316 1360
1316 1363
1316 1404
1316 1410
1316 1492
1316 1504
1316 1557
1316 1645
1317 1318
1317 1320
1317 1324
1317 1326
1317 1330
1317 1338
1317 1340
1317 1344
1317 1356
1317 1386
1317 1434
1317 1478
1318 1319
1318 1320
1318 1323
1318 1325
1318 1328
1318 1329
1318 1332
1318 1340
1318 1343
1318 1353
1318 1368
1318 1388
1318 1439
1318 1493
1318 1560
1319 1320
1319 1324
1319 1326
1319 1416
1320 1321
1320 1322
1320 1323
1320 1324
1320 1325
1320 1326
1320 1328
1320 1329
1320 1330
1320 1331
1320 1332
1320 1335
1320 1338
1320 1340
1320 1342
1320 1344
1320 1347
1320 1349
1320 1350
1320 1353
1320 1356
1320 1360
1320 1364
1320 1374
1320 1375
1320 1378
1320 1380
1320 1386
1320 1392
1320 1401
1320 1407
1320 1408
1320 1428
1320 1430
1320 1436
1320 1440
1320 1452
1320 1482
1320 1485
1320 1494
1320 1540
1320 1563
1320 1584
1320 1644
1320 1650
1321 1322
1322 1323
1322 1324
1322 1329
1322 1336
1322 1383
1322 1444
1322 1495
1323 1324
1323 1326
1323 1328
1323 1330
1323 1332
1323 1338
1323 1344
1323 1346
1323 1350
1323 1372
1323 1386
1323 1392
1323 1438
1323 1470
1323 1486
1323 1512
1324 1325
1324 1326
1324 1328
1324 1329
1324 1331
1324 1332
1324 1334
1324 1338
1324 1344
1324 1352
1324 1359
1324 1367
1324 1373
1324 1394
1324 1410
1324 1422
1324 1464
1324 1496
1324 1520
1324 1569
1324 1655
1325 1326
1325 1330
1325 1332
1325 1350
1325 1374
1325 1378
1325 1590
1326 1327
1326 1328
1326 1329
1326 1332
1326 1333
1326 1335
1326 1339
1326 1340
1326 1343
1326 1344
1326 1345
1326 1347
1326 1352
1326 1360
1326 1364
1326 1365
1326 1367
1326 1368
1326 1377
1326 1383
1326 1404
1326 1408
1326 1428
1326 1440
1326 1449
1326 1497
1326 1547
1326 1572
1327 1328
1327 1338
1327 1344
1327 1356
1327 1358
1328 1329
1328 1330
1328 1332
1328 1333
1328 1336
1328 1338
1328 1341
1328 1344
1328 1345
1328 1347
1328 1348
1328 1354
1328 1362
1328 1366
1328 1380
1328 1396
1328 1404
1328 1411
1328 1413
1328 1494
1328 1498
1328 1575
1328 1660
1329 1330
1329 1332
1329 1334
1329 1336
1329 1338
1329 1340
1329 1344
1329 1350
1329 1362
1329 1374
1329 1384
1329 1428
1329 1442
1329 1494
1330 1331
1330 1332
1330 1335
1330 1337
1330 1340
1330 1343
1330 1344
1330 1349
1330 1356
1330 1361
1330 1365
1330 1368
1330 1392
1330 1400
1330 1425
1330 1463
1330 1499
1330 1520
1330 1596
1331 1332
1331 1338
1331 1342
1331 1402
1331 1452
1332 1333
1332 1334
1332 1335
1332 1336
1332 1338
1332 1339
1332 1340
1332 1341
1332 1344
1332 1346
1332 1348
1332 1350
1332 1353
1332 1356
1332 1360
1332 1368
1332 1369
1332 1374
1332 1380
1332 1388
1332 1406
1332 1415
1332 1416
1332 1443
1332 1444
1332 1480
1332 1498
1332 1500
1332 1554
1332 1581
1332 1664
1332 1665
1333 1334
1333 1338
1333 1340
1333 1364
1333 1376
1333 1400
1334 1335
1334 1336
1334 1339
1334 1344
1334 1357
1334 1359
1334 1363
1334 1380
1334 1384
1334 1392
1334 1459
1334 1501
1334 1584
1335 1336
1335 1338
1335 1340
1335 1344
1335 1350
1335 1372
1335 1424
1335 1446
1335 1502
1335 1602
1336 1337
1336 1338
1336 1340
1336 1343
1336 1344
1336 1350
1336 1364
1336 1392
1336 1419
1336 1502
1336 1503
1336 1587
1337 1338
1337 1344
1337 1528
1338 1339
1338 1340
1338 1341
1338 1343
1338 1344
1338 1345
1338 1347
1338 1348
1338 1349
1338 1352
1338 1353
1338 1356
1338 1359
1338 1360
1338 1368
1338 1371
1338 1380
1338 1393
1338 1401
1338 1404
1338 1448
1338 1464
1338 1503
1338 1561
1339 1340
1339 1344
1339 1346
1339 1352
1339 1386
1339 1440
1339 1442
1340 1341
1340 1342
1340 1344
1340 1345
1340 1347
1340 1348
1340 1350
1340 1351
1340 1354
1340 1360
1340 1362
1340 1363
1340 1368
1340 1381
1340 1384
1340 1386
1340 1396
1340 1407
1340 1422
1340 1432
1340 1474
1340 1504
1340 1593
1340 1608
1341 1342
1341 1344
1341 1350
1341 1354
1341 1380
1341 1450
1341 1490
1341 1510
1342 1343
1342 1344
1342 1353
1342 1364
1342 1403
1342 1464
1342 1469
1342 1505
1342 1596
1343 1344
1343 1348
1343 1350
1343 1356
1343 1360
1343 1368
1343 1408
1343 1422
1344 1345
1344 1346
1344 1347
1344 1348
1344 1349
1344 1350
1344 1351
1344 1352
1344 1353
1344 1354
1344 1356
1344 1358
1344 1359
1344 1360
1344 1361
1344 1362
1344 1364
1344 1365
1344 1368
1344 1371
1344 1372
1344 1374
1344 1376
1344 1378
1344 1380
1344 1386
1344 1392
1344 1395
1344 1398
1344 1400
1344 1404
1344 1408
1344 1412
1344 1425
1344 1428
1344 1429
1344 1440
1344 1446
1344 1452
1344 1456
1344 1506
1344 1512
1344 1514
1344 1536
1344 1548
1344 1568
1344 1599
1345 1346
1345 1350
1345 1352
1345 1362
1345 1364
1345 1418
1345 1614
1346 1347
1346 1348
1346 1353
1346 1360
1346 1369
1346 1392
1346 1507
1347 1348
1347 1350
1347 1354
1347 1356
1347 1366
1347 1368
1347 1374
1347 1404
1347 1454
1347 1518
1348 1349
1348 1350
1348 1352
1348 1353
1348 1356
1348 1358
1348 1364
1348 1368
1348 1380
1348 1388
1348 1412
1348 1428
1348 1508
1348 1605
1349 1350
1349 1354
1349 1360
1349 1368
1349 1378
1349 1420
1349 1452
1350 1351
1350 1352
1350 1353
1350 1355
1350 1356
1350 1357
1350 1359
1350 1360
1350 1364
1350 1365
1350 1368
1350 1371
1350 1375
1350 1377
1350 1380
1350 1392
1350 1393
1350 1395
1350 1400
1350 1403
1350 1404
1350 1425
1350 1436
1350 1440
1350 1456
1350 1479
1350 1485
1350 1500
1350 1509
1350 1575
1350 1608
1350 1620
1351 1352
1351 1358
1351 1362
1351 1398
1351 1544
1352 1353
1352 1354
1352 1356
1352 1359
1352 1360
1352 1365
1352 1366
1352 1378
1352 1380
1352 1389
1352 1404
1352 1426
1352 1431
1352 1456
1352 1500
1352 1510
1352 1521
1352 1611
1353 1354
1353 1356
1353 1358
1353 1360
1353 1362
1353 1364
1353 1368
1353 1374
1353 1386
1353 1388
1353 1394
1353 1398
1353 1416
1353 1458
1353 1476
1353 1526
1354 1355
1354 1356
1354 1359
1354 1361
1354 1364
1354 1367
1354 1368
1354 1380
1354 1419
1354 1484
1354 1511
1355 1356
1355 1360
1355 1626
1356 1357
1356 1358
1356 1359
1356 1360
1356 1362
1356 1364
1356 1365
1356 1368
1356 1369
1356 1374
1356 1380
1356 1382
1356 1385
1356 1392
1356 1395
1356 1408
1356 1414
1356 1428
1356 1434
1356 1443
1356 1460
1356 1469
1356 1472
1356 1512
1356 1530
1356 1582
1356 1617
1357 1358
1357 1364
1357 1380
1357 1416
1358 1359
1358 1360
1358 1363
1358 1365
1358 1368
1358 1372
1358 1389
1358 1420
1358 1455
1358 1489
1358 1513
1358 1552
1358 1620
1359 1360
1359 1362
1359 1364
1359 1366
1359 1368
1359 1374
1359 1380
1359 1384
1359 1394
1359 1434
1359 1462
1359 1464
1359 1510
1359 1534
1360 1361
1360 1362
1360 1364
1360 1365
1360 1367
1360 1368
1360 1370
1360 1371
1360 1374
1360 1376
1360 1377
1360 1380
1360 1382
1360 1388
1360 1394
1360 1400
1360 1404
1360 1428
1360 1437
1360 1440
1360 1445
1360 1496
1360 1514
1360 1530
1360 1623
1360 1632
1361 1362
1361 1368
1361 1378
1361 1392
1362 1363
1362 1364
1362 1365
1362 1368
1362 1371
1362 1373
1362 1379
1362 1380
1362 1384
1362 1395
1362 1396
1362 1413
1362 1428
1362 1464
1362 1515
1362 1589
1363 1364
1363 1368
1363 1386
1363 1392
1363 1410
1363 1424
1364 1365
1364 1366
1364 1368
1364 1369
1364 1371
1364 1372
1364 1374
1364 1375
1364 1378
1364 1380
1364 1383
1364 1384
1364 1386
1364 1392
1364 1395
1364 1402
1364 1408
1364 1417
1364 1420
1364 1426
1364 1440
1364 1470
1364 1488
1364 1516
1364 1576
1364 1629
1365 1366
1365 1368
1365 1370
1365 1372
1365 1374
1365 1378
1365 1380
1365 1386
1365 1400
1365 1404
1365 1424
1365 1430
1365 1456
1365 1466
1365 1470
1365 1542
1365 1560
1365 1638
1366 1367
1366 1368
1366 1373
1366 1380
1366 1385
1366 1404
1366 1499
1366 1517
1366 1632
1367 1368
1367 1374
1367 1380
1367 1408
1367 1410
1368 1369
1368 1370
1368 1371
1368 1372
1368 1373
1368 1374
1368 1375
1368 1376
1368 1377
1368 1378
1368 1380
1368 1382
1368 1383
1368 1386
1368 1387
1368 1388
1368 1389
1368 1392
1368 1393
1368 1396
1368 1398
1368 1404
1368 1406
1368 1410
1368 1418
1368 1424
1368 1425
1368 1428
1368 1440
1368 1443
1368 1444
1368 1452
1368 1457
1368 1468
1368 1482
1368 1518
1368 1520
1368 1536
1368 1539
1368 1546
1368 1596
1368 1635
1369 1370
1369 1374
1369 1382
1369 1392
1369 1406
1369 1476
1370 1371
1370 1372
1370 1375
1370 1380
1370 1437
1370 1504
1370 1507
1370 1519
1370 1644
1371 1372
1371 1374
1371 1378
1371 1380
1371 1382
1371 1392
1371 1398
1371 1404
1371 1470
1371 1550
1372 1373
1372 1374
1372 1376
1372 1379
1372 1380
1372 1386
1372 1400
1372 1409
1372 1421
1372 1446
1372 1470
1372 1520
1372 1568
1372 1641
1373 1374
1373 1378
1373 1380
1373 1384
1373 1422
1373 1432
1373 1450
1374 1375
1374 1376
1374 1377
1374 1379
1374 1380
1374 1381
1374 1383
1374 1384
1374 1388
1374 1389
1374 1392
1374 1395
1374 1401
1374 1404
1374 1416
1374 1419
1374 1423
1374 1428
1374 1464
1374 1472
1374 1509
1374 1521
1374 1603
1374 1644
1375 1376
1375 1380
1375 1382
1375 1386
1375 1400
1375 1430
1375 1500
1375 1650
1376 1377
1376 1378
1376 1380
1376 1384
1376 1392
1376 1408
1376 1419
1376 1449
1376 1462
1376 1522
1376 1548
1376 1647
1377 1378
1377 1380
1377 1386
1377 1394
1377 1404
1377 1428
1377 1458
1377 1474
1377 1530
1377 1558
1378 1379
1378 1380
1378 1383
1378 1385
1378 1388
1378 1391
1378 1392
1378 1395
1378 1404
1378 1407
1378 1412
1378 1431
1378 1436
1378 1484
1378 1523
1379 1380
1379 1384
1379 1386
1379 1396
1379 1488
1379 1576
1380 1381
1380 1382
1380 1383
1380 1384
1380 1385
1380 1386
1380 1387
1380 1388
1380 1389
1380 1390
1380 1392
1380 1393
1380 1394
1380 1395
1380 1396
1380 1398
1380 1400
1380 1401
1380 1403
1380 1404
1380 1406
1380 1408
1380 1410
1380 1412
1380 1416
1380 1419
1380 1422
1380 1426
1380 1428
1380 1432
1380 1440
1380 1449
1380 1452
1380 1458
1380 1464
1380 1471
1380 1472
1380 1476
1380 1495
1380 1518
1380 1524
1380 1536
1380 1562
1380 1610
1380 1653
1380 1656
1381 1382
1381 1388
1381 1422
1382 1383
1382 1384
1382 1389
1382 1393
1382 1395
1382 1396
1382 1404
1382 1408
1382 1519
1382 1525
1382 1656
1383 1384
1383 1386
1383 1388
1383 1392
1383 1398
1383 1402
1383 1440
1383 1444
1383 1478
1383 1566
1384 1385
1384 1386
1384 1388
1384 1389
1384 1392
1384 1394
1384 1395
1384 1404
1384 1406
1384 1409
1384 1428
1384 1434
1384 1439
1384 1455
1384 1484
1384 1494
1384 1526
1384 1557
1384 1604
1384 1659
1385 1386
1385 1390
1385 1392
1385 1404
1385 1414
1385 1662
1386 1387
1386 1388
1386 1389
1386 1392
1386 1393
1386 1395
1386 1397
1386 1400
1386 1404
1386 1407
1386 1408
1386 1409
1386 1419
1386 1428
1386 1432
1386 1433
1386 1449
1386 1452
1386 1455
1386 1463
1386 1480
1386 1485
1386 1512
1386 1524
1386 1527
1386 1540
1386 1584
1386 1617
1387 1388
1387 1394
1387 1406
1387 1460
1387 1466
1388 1389
1388 1390
1388 1392
1388 1393
1388 1395
1388 1396
1388 1398
1388 1402
1388 1408
1388 1416
1388 1423
1388 1428
1388 1444
1388 1458
1388 1528
1388 1665
1389 1390
1389 1392
1389 1394
1389 1396
1389 1398
1389 1404
1389 1410
1389 1420
1389 1426
1389 1482
1389 1500
1389 1574
1390 1391
1390 1392
1390 1395
1390 1400
1390 1529
1391 1392
1391 1404
1391 1498
1392 1393
1392 1394
1392 1395
1392 1396
1392 1398
1392 1399
1392 1400
1392 1401
1392 1404
1392 1406
1392 1408
1392 1410
1392 1413
1392 1415
1392 1416
1392 1420
1392 1421
1392 1423
1392 1428
1392 1434
1392 1438
1392 1440
1392 1448
1392 1450
1392 1454
1392 1461
1392 1464
1392 1476
1392 1479
1392 1484
1392 1485
1392 1508
1392 1516
1392 1530
1392 1536
1392 1560
1392 1566
1392 1578
1392 1624
1393 1394
1393 1398
1393 1400
1393 1404
1393 1406
1393 1418
1393 1436
1393 1448
1393 1592
1394 1395
1394 1396
1394 1399
1394 1401
1394 1404
1394 1408
1394 1411
1394 1428
1394 1429
1394 1435
1394 1464
1394 1476
1394 1531
1395 1396
1395 1398
1395 1400
1395 1402
1395 1404
1395 1406
1395 1408
1395 1410
1395 1412
1395 1416
1395 1426
1395 1428
1395 1434
1395 1440
1395 1446
1395 1486
1395 1488
1395 1550
1395 1582
1396 1397
1396 1398
1396 1400
1396 1403
1396 1404
1396 1410
1396 1412
1396 1413
1396 1424
1396 1430
1396 1452
1396 1464
1396 1532
1397 1398
1397 1408
1397 1524
1398 1399
1398 1400
1398 1401
1398 1403
1398 1404
1398 1407
1398 1408
1398 1413
1398 1416
1398 1425
1398 1428
1398 1443
1398 1445
1398 1452
1398 1488
1398 1492
1398 1533
1398 1539
1398 1631
1399 1400
1399 1404
1399 1406
1399 1512
1400 1401
1400 1402
1400 1404
1400 1405
1400 1407
1400 1408
1400 1410
1400 1414
1400 1420
1400 1425
1400 1428
1400 1435
1400 1440
1400 1450
1400 1456
1400 1467
1400 1470
1400 1500
1400 1534
1400 1540
1400 1575
1400 1600
1401 1402
1401 1404
1401 1408
1401 1410
1401 1422
1401 1428
1401 1464
1401 1482
1401 1490
1401 1590
1402 1403
1402 1404
1402 1409
1402 1416
1402 1421
1402 1440
1402 1473
1402 1535
1402 1544
1403 1404
1403 1408
1403 1410
1403 1426
1403 1456
1403 1464
1404 1405
1404 1406
1404 1407
1404 1408
1404 1409
1404 1410
1404 1412
1404 1413
1404 1414
1404 1415
1404 1416
1404 1417
1404 1419
1404 1422
1404 1423
1404 1424
1404 1426
1404 1428
1404 1430
1404 1431
1404 1434
1404 1437
1404 1440
1404 1442
1404 1443
1404 1448
1404 1456
1404 1458
1404 1461
1404 1464
1404 1470
1404 1480
1404 1482
1404 1492
1404 1499
1404 1512
1404 1518
1404 1521
1404 1536
1404 1560
1404 1594
1404 1632
1404 1638
1405 1406
1405 1410
1406 1407
1406 1408
1406 1413
1406 1417
1406 1419
1406 1420
1406 1425
1406 1428
1406 1432
1406 1443
1406 1444
1406 1480
1406 1537
1406 1549
1407 1408
1407 1410
1407 1414
1407 1416
1407 1428
1407 1436
1407 1474
1407 1494
1407 1598
1407 1608
1408 1409
1408 1410
1408 1412
1408 1413
1408 1415
1408 1416
1408 1418
1408 1419
1408 1421
1408 1422
1408 1424
1408 1428
1408 1430
1408 1434
1408 1436
1408 1440
1408 1449
1408 1452
1408 1460
1408 1472
1408 1473
1408 1490
1408 1496
1408 1536
1408 1538
1408 1572
1408 1584
1409 1410
1409 1414
1409 1416
1409 1432
1409 1434
1409 1446
1409 1524
1410 1411
1410 1412
1410 1413
1410 1415
1410 1416
1410 1417
1410 1419
1410 1420
1410 1424
1410 1425
1410 1428
1410 1431
1410 1440
1410 1452
1410 1453
1410 1457
1410 1496
1410 1504
1410 1539
1410 1551
1410 1645
1411 1412
1411 1428
1411 1494
1412 1413
1412 1414
1412 1416
1412 1420
1412 1428
1412 1429
1412 1444
1412 1446
1412 1476
1412 1480
1412 1540
1413 1414
1413 1416
1413 1418
1413 1420
1413 1422
1413 1428
1413 1430
1413 1434
1413 1464
1413 1498
1413 1570
1413 1606
1414 1415
1414 1416
1414 1419
1414 1421
1414 1424
1414 1428
1414 1443
1414 1472
1414 1515
1414 1541
1414 1559
1414 1616
1415 1416
1415 1420
1415 1422
1415 1426
1415 1438
1415 1498
1416 1417
1416 1418
1416 1419
1416 1420
1416 1422
1416 1423
1416 1424
1416 1425
1416 1428
1416 1430
1416 1434
1416 1437
1416 1440
1416 1444
1416 1452
1416 1458
1416 1475
1416 1479
1416 1500
1416 1513
1416 1534
1416 1542
1416 1593
1416 1610
1416 1652
1417 1418
1417 1424
1417 1428
1417 1430
1417 1470
1417 1526
1418 1419
1418 1420
1418 1423
1418 1428
1418 1443
1418 1468
1418 1491
1418 1543
1418 1564
1419 1420
1419 1422
1419 1424
1419 1428
1419 1430
1419 1432
1419 1434
1419 1452
1419 1458
1419 1462
1419 1464
1419 1484
1419 1502
1419 1536
1419 1548
1419 1614
1420 1421
1420 1422
1420 1424
1420 1425
1420 1427
1420 1428
1420 1430
1420 1434
1420 1440
1420 1448
1420 1451
1420 1476
1420 1482
1420 1491
1420 1544
1420 1562
1421 1422
1421 1428
1421 1434
1421 1440
1421 1450
1421 1470
1421 1624
1422 1423
1422 1424
1422 1425
1422 1428
1422 1429
1422 1431
1422 1436
1422 1440
1422 1443
1422 1463
1422 1464
1422 1471
1422 1501
1422 1504
1422 1520
1422 1545
1422 1569
1422 1580
1422 1659
1423 1424
1423 1428
1423 1430
1423 1442
1423 1454
1423 1458
1423 1472
1424 1425
1424 1426
1424 1428
1424 1429
1424 1431
1424 1432
1424 1434
1424 1438
1424 1440
1424 1444
1424 1452
1424 1480
1424 1483
1424 1485
1424 1513
1424 1542
1424 1546
1424 1602
1424 1660
1425 1426
1425 1428
1425 1430
1425 1434
1425 1440
1425 1444
1425 1450
1425 1452
1425 1482
1425 1500
1425 1506
1425 1520
1425 1622
1426 1427
1426 1428
1426 1437
1426 1448
1426 1449
1426 1457
1426 1463
1426 1472
1426 1488
1426 1500
1426 1547
1427 1428
1427 1434
1428 1429
1428 1430
1428 1431
1428 1432
1428 1433
1428 1434
1428 1435
1428 1436
1428 1437
1428 1438
1428 1439
1428 1440
1428 1442
1428 1443
1428 1444
1428 1445
1428 1446
1428 1448
1428 1449
1428 1450
1428 1452
1428 1455
1428 1456
1428 1458
1428 1461
1428 1462
1428 1464
1428 1468
1428 1470
1428 1472
1428 1476
1428 1479
1428 1482
1428 1488
1428 1494
1428 1496
1428 1500
1428 1508
1428 1512
1428 1527
1428 1530
1428 1536
1428 1547
1428 1548
1428 1560
1428 1572
1428 1626
1428 1632
1428 1666
1429 1430
1429 1434
1429 1436
1429 1446
1429 1464
1429 1514
1429 1548
1430 1431
1430 1432
1430 1435
1430 1437
1430 1440
1430 1441
1430 1443
1430 1444
1430 1447
1430 1452
1430 1456
1430 1464
1430 1485
1430 1495
1430 1540
1430 1549
1430 1560
1430 1573
1430 1579
1431 1432
1431 1434
1431 1438
1431 1440
1431 1452
1431 1458
1431 1484
1431 1510
1431 1590
1431 1630
1432 1433
1432 1434
1432 1436
1432 1440
1432 1445
1432 1455
1432 1458
1432 1478
1432 1484
1432 1491
1432 1524
1432 1550
1432 1611
1433 1434
1433 1438
1433 1480
1434 1435
1434 1436
1434 1437
1434 1439
1434 1440
1434 1441
1434 1443
1434 1444
1434 1447
1434 1448
1434 1449
1434 1452
1434 1455
1434 1459
1434 1460
1434 1464
1434 1473
1434 1476
1434 1484
1434 1509
1434 1512
1434 1551
1434 1584
1435 1436
1435 1440
1435 1442
1435 1470
1435 1476
1435 1640
1436 1437
1436 1438
1436 1440
1436 1443
1436 1444
1436 1450
1436 1464
1436 1465
1436 1479
1436 1494
1436 1522
1436 1552
1436 1608
1437 1438
1437 1440
1437 1444
1437 1446
1437 1448
1437 1458
1437 1470
1437 1504
1437 1514
1437 1638
1438 1439
1438 1440
1438 1443
1438 1445
1438 1448
1438 1452
1438 1461
1438 1484
1438 1553
1438 1589
1439 1440
1439 1444
1439 1450
1439 1494
1439 1560
1440 1441
1440 1442
1440 1443
1440 1444
1440 1445
1440 1446
1440 1448
1440 1449
1440 1450
1440 1452
1440 1455
1440 1456
1440 1458
1440 1459
1440 1460
1440 1464
1440 1470
1440 1472
1440 1476
1440 1478
1440 1480
1440 1485
1440 1488
1440 1497
1440 1500
1440 1512
1440 1516
1440 1520
1440 1530
1440 1536
1440 1541
1440 1554
1440 1560
1440 1584
1440 1600
1440 1620
1440 1642
1441 1442
1441 1448
1441 1452
1441 1572
1442 1443
1442 1444
1442 1449
1442 1456
1442 1461
1442 1480
1442 1545
1442 1555
1442 1648
1443 1444
1443 1446
1443 1448
1443 1450
1443 1452
1443 1456
1443 1458
1443 1464
1443 1468
1443 1472
1443 1480
1443 1482
1443 1488
1443 1518
1443 1530
1443 1554
1443 1646
1444 1445
1444 1446
1444 1448
1444 1449
1444 1451
1444 1452
1444 1454
1444 1458
1444 1460
1444 1463
1444 1464
1444 1472
1444 1476
1444 1482
1444 1500
1444 1505
1444 1520
1444 1556
1444 1566
1445 1446
1445 1450
1445 1452
1445 1458
1445 1462
1445 1492
1445 1530
1446 1447
1446 1448
1446 1449
1446 1452
1446 1455
1446 1463
1446 1464
1446 1480
1446 1483
1446 1497
1446 1520
1446 1548
1446 1557
1446 1599
1447 1448
1447 1460
1447 1464
1448 1449
1448 1450
1448 1452
1448 1453
1448 1455
1448 1456
1448 1458
1448 1459
1448 1462
1448 1468
1448 1470
1448 1476
1448 1492
1448 1503
1448 1504
1448 1558
1448 1629
1449 1450
1449 1452
1449 1454
1449 1456
1449 1458
1449 1464
1449 1470
1449 1472
1449 1490
1449 1512
1449 1518
1449 1522
1449 1572
1449 1610
1449 1654
1449 1656
1450 1451
1450 1452
1450 1455
1450 1457
1450 1460
1450 1461
1450 1464
1450 1472
1450 1475
1450 1479
1450 1500
1450 1508
1450 1527
1450 1559
1450 1595
1450 1604
1451 1452
1451 1458
1451 1482
1452 1453
1452 1454
1452 1455
1452 1456
1452 1458
1452 1459
1452 1460
1452 1461
1452 1463
1452 1464
1452 1466
1452 1470
1452 1473
1452 1474
1452 1476
1452 1479
1452 1480
1452 1485
1452 1488
1452 1494
1452 1496
1452 1506
1452 1508
1452 1518
1452 1524
1452 1536
1452 1555
1452 1560
1452 1573
1452 1584
1452 1620
1452 1658
1453 1454
1453 1458
1453 1496
1454 1455
1454 1456
1454 1459
1454 1464
1454 1485
1454 1516
1454 1561
1454 1609
1455 1456
1455 1458
1455 1460
1455 1462
1455 1464
1455 1470
1455 1476
1455 1478
1455 1482
1455 1524
1455 1526
1455 1552
1455 1662
1456 1457
1456 1458
1456 1460
1456 1463
1456 1464
1456 1469
1456 1470
1456 1472
1456 1482
1456 1484
1456 1508
1456 1509
1456 1512
1456 1547
1456 1560
1456 1562
1456 1568
1456 1638
1456 1664
1457 1458
1457 1464
1457 1488
1457 1504
1457 1546
1458 1459
1458 1460
1458 1461
1458 1463
1458 1464
1458 1465
1458 1467
1458 1468
1458 1471
1458 1472
1458 1473
1458 1476
1458 1479
1458 1484
1458 1485
1458 1488
1458 1493
1458 1497
1458 1500
1458 1512
1458 1528
1458 1536
1458 1539
1458 1563
1458 1620
1459 1460
1459 1464
1459 1466
1459 1470
1459 1478
1459 1484
1459 1584
1460 1461
1460 1462
1460 1464
1460 1465
1460 1468
1460 1470
1460 1473
1460 1476
1460 1480
1460 1486
1460 1512
1460 1533
1460 1564
1460 1606
1461 1462
1461 1464
1461 1470
1461 1472
1461 1480
1461 1484
1461 1494
1461 1518
1461 1530
1462 1463
1462 1464
1462 1469
1462 1476
1462 1479
1462 1496
1462 1505
1462 1548
1462 1565
1462 1619
1463 1464
1463 1468
1463 1470
1463 1474
1463 1480
1463 1482
1463 1500
1463 1504
1463 1540
1463 1596
1464 1465
1464 1466
1464 1467
1464 1468
1464 1469
1464 1470
1464 1471
1464 1472
1464 1473
1464 1474
1464 1476
1464 1478
1464 1479
1464 1481
1464 1482
1464 1484
1464 1485
1464 1488
1464 1492
1464 1494
1464 1498
1464 1499
1464 1500
1464 1506
1464 1509
1464 1515
1464 1524
1464 1525
1464 1527
1464 1532
1464 1534
1464 1536
1464 1548
1464 1554
1464 1566
1464 1569
1464 1586
1464 1590
1464 1604
1464 1644
1464 1647
1465 1466
1465 1470
1465 1472
1465 1494
1466 1467
1466 1468
1466 1473
1466 1480
1466 1545
1466 1567
1466 1624
1467 1468
1467 1470
1467 1476
1467 1534
1467 1630
1468 1469
1468 1470
1468 1472
1468 1473
1468 1476
1468 1478
1468 1488
1468 1493
1468 1508
1468 1518
1468 1568
1469 1470
1469 1474
1469 1476
1469 1482
1469 1582
1469 1596
1470 1471
1470 1472
1470 1473
1470 1475
1470 1476
1470 1477
1470 1479
1470 1480
1470 1481
1470 1484
1470 1485
1470 1488
1470 1491
1470 1492
1470 1500
1470 1503
1470 1505
1470 1512
1470 1519
1470 1523
1470 1536
1470 1540
1470 1568
1470 1569
1470 1575
1470 1576
1470 1617
1470 1629
1471 1472
1471 1478
1471 1484
1471 1520
1471 1562
1472 1473
1472 1474
1472 1476
1472 1479
1472 1480
1472 1483
1472 1486
1472 1488
1472 1494
1472 1495
1472 1500
1472 1501
1472 1504
1472 1516
1472 1518
1472 1521
1472 1530
1472 1536
1472 1564
1472 1570
1472 1588
1472 1656
1473 1474
1473 1476
1473 1478
1473 1480
1473 1482
1473 1486
1473 1488
1473 1494
1473 1512
1473 1538
1473 1544
1474 1475
1474 1476
1474 1479
1474 1484
1474 1485
1474 1496
1474 1541
1474 1571
1474 1608
1475 1476
1475 1480
1475 1500
1475 1534
1476 1477
1476 1478
1476 1479
1476 1480
1476 1482
1476 1483
1476 1484
1476 1485
1476 1488
1476 1490
1476 1492
1476 1494
1476 1497
1476 1500
1476 1504
1476 1508
1476 1512
1476 1517
1476 1518
1476 1524
1476 1532
1476 1540
1476 1558
1476 1560
1476 1572
1476 1583
1476 1599
1476 1640
1476 1644
1477 1478
1477 1484
1478 1479
1478 1480
1478 1483
1478 1485
1478 1488
1478 1492
1478 1497
1478 1501
1478 1516
1478 1524
1478 1573
1478 1639
1479 1480
1479 1482
1479 1484
1479 1486
1479 1488
1479 1494
1479 1496
1479 1500
1479 1506
1479 1508
1479 1522
1479 1530
1479 1542
1479 1566
1479 1608
1480 1481
1480 1482
1480 1484
1480 1485
1480 1487
1480 1488
1480 1490
1480 1494
1480 1497
1480 1499
1480 1500
1480 1508
1480 1514
1480 1517
1480 1518
1480 1520
1480 1527
1480 1536
1480 1548
1480 1554
1480 1556
1480 1574
1480 1628
1480 1665
1481 1482
1481 1492
1481 1498
1482 1483
1482 1484
1482 1485
1482 1488
1482 1491
1482 1495
1482 1500
1482 1501
1482 1508
1482 1509
1482 1513
1482 1520
1482 1521
1482 1536
1482 1539
1482 1544
1482 1560
1482 1563
1482 1575
1482 1596
1482 1644
1483 1484
1483 1488
1483 1490
1483 1494
1483 1520
1483 1542
1484 1485
1484 1486
1484 1488
1484 1489
1484 1491
1484 1492
1484 1494
1484 1497
1484 1498
1484 1504
1484 1507
1484 1509
1484 1510
1484 1512
1484 1530
1484 1534
1484 1536
1484 1537
1484 1549
1484 1576
1484 1584
1484 1590
1484 1614
1485 1486
1485 1488
1485 1490
1485 1492
1485 1494
1485 1496
1485 1500
1485 1506
1485 1512
1485 1516
1485 1518
1485 1530
1485 1540
1485 1546
1485 1578
1485 1584
1485 1620
1485 1650
1486 1487
1486 1488
1486 1493
1486 1499
1486 1500
1486 1512
1486 1577
1486 1649
1487 1488
1487 1494
1488 1489
1488 1490
1488 1491
1488 1492
1488 1493
1488 1494
1488 1496
1488 1497
1488 1498
1488 1500
1488 1503
1488 1504
1488 1506
1488 1508
1488 1512
1488 1518
1488 1519
1488 1524
1488 1533
1488 1536
1488 1548
1488 1550
1488 1578
1488 1581
1488 1597
1488 1612
1489 1490
1489 1494
1489 1620
1490 1491
1490 1492
1490 1495
1490 1497
1490 1500
1490 1504
1490 1531
1490 1572
1490 1579
1490 1639
1491 1492
1491 1494
1491 1498
1491 1500
1491 1512
1491 1550
1491 1562
1491 1564
1492 1493
1492 1494
1492 1496
1492 1499
1492 1500
1492 1503
1492 1506
1492 1508
1492 1514
1492 1520
1492 1536
1492 1539
1492 1580
1492 1586
1493 1494
1493 1498
1493 1500
1493 1518
1493 1528
1494 1495
1494 1496
1494 1497
1494 1499
1494 1500
1494 1501
1494 1503
1494 1504
1494 1505
1494 1508
1494 1509
1494 1512
1494 1515
1494 1516
1494 1523
1494 1524
1494 1527
1494 1536
1494 1549
1494 1552
1494 1560
1494 1577
1494 1581
1494 1604
1494 1659
1494 1660
1495 1496
1495 1500
1495 1508
1495 1518
1495 1560
1495 1610
1496 1497
1496 1498
1496 1500
1496 1504
1496 1507
1496 1513
1496 1518
1496 1530
1496 1539
1496 1540
1496 1564
1496 1582
1496 1584
1496 1632
1497 1498
1497 1500
1497 1504
1497 1506
1497 1510
1497 1514
1497 1516
1497 1518
1497 1536
1497 1548
1497 1554
1498 1499
1498 1500
1498 1503
1498 1505
1498 1508
1498 1512
1498 1515
1498 1532
1498 1581
1498 1583
1498 1605
1498 1664
1499 1500
1499 1504
1499 1506
1499 1512
1499 1518
1499 1534
1499 1594
1499 1632
1500 1501
1500 1502
1500 1503
1500 1504
1500 1505
1500 1506
1500 1507
1500 1508
1500 1509
1500 1510
1500 1512
1500 1514
1500 1515
1500 1518
1500 1520
1500 1521
1500 1524
1500 1525
1500 1528
1500 1530
1500 1536
1500 1537
1500 1542
1500 1550
1500 1556
1500 1560
1500 1572
1500 1574
1500 1575
1500 1584
1500 1600
1500 1611
1500 1625
1500 1648
1500 1650
1501 1502
1501 1508
1501 1520
1501 1524
1501 1530
1501 1580
1502 1503
1502 1504
1502 1585
1503 1504
1503 1506
1503 1508
1503 1512
1503 1514
1503 1518
1503 1536
1503 1558
1504 1505
1504 1506
1504 1508
1504 1509
1504 1511
1504 1512
1504 1514
1504 1518
1504 1520
1504 1524
1504 1532
1504 1536
1504 1545
1504 1551
1504 1560
1504 1571
1504 1586
1504 1598
1504 1638
1505 1506
1505 1510
1505 1512
1505 1516
1505 1540
1505 1548
1505 1566
1506 1507
1506 1508
1506 1509
1506 1512
1506 1513
1506 1515
1506 1520
1506 1524
1506 1527
1506 1533
1506 1548
1506 1560
1506 1587
1507 1508
1507 1514
1507 1518
1507 1530
1507 1644
1508 1509
1508 1510
1508 1512
1508 1513
1508 1515
1508 1516
1508 1518
1508 1521
1508 1522
1508 1524
1508 1528
1508 1534
1508 1536
1508 1537
1508 1540
1508 1548
1508 1560
1508 1564
1508 1566
1508 1588
1508 1624
1509 1510
1509 1512
1509 1514
1509 1518
1509 1524
1509 1534
1509 1536
1509 1554
1509 1562
1509 1584
1509 1644
1510 1511
1510 1512
1510 1515
1510 1520
1510 1523
1510 1536
1510 1589
1510 1661
1511 1512
1511 1518
1512 1513
1512 1514
1512 1515
1512 1516
1512 1518
1512 1519
1512 1520
1512 1521
1512 1524
1512 1525
1512 1526
1512 1530
1512 1533
1512 1536
1512 1538
1512 1539
1512 1540
1512 1548
1512 1551
1512 1554
1512 1564
1512 1566
1512 1568
1512 1575
1512 1584
1512 1590
1512 1596
1512 1620
1512 1625
1512 1638
1513 1514
1513 1518
1513 1520
1513 1530
1513 1544
1513 1602
1513 1610
1514 1515
1514 1516
1514 1519
1514 1521
1514 1524
1514 1525
1514 1528
1514 1531
1514 1536
1514 1548
1514 1591
1514 1599
1515 1516
1515 1518
1515 1520
1515 1522
1515 1524
1515 1530
1515 1532
1515 1536
1515 1566
1515 1616
1516 1517
1516 1518
1516 1520
1516 1524
1516 1527
1516 1535
1516 1538
1516 1547
1516 1554
1516 1560
1516 1578
1516 1592
1516 1640
1517 1518
1517 1554
1517 1558
1518 1519
1518 1520
1518 1521
1518 1523
1518 1524
1518 1525
1518 1527
1518 1528
1518 1529
1518 1532
1518 1533
1518 1536
1518 1537
1518 1539
1518 1540
1518 1541
1518 1543
1518 1548
1518 1551
1518 1556
1518 1560
1518 1564
1518 1568
1518 1575
1518 1584
1518 1587
1518 1593
1518 1632
1518 1656
1519 1520
1519 1524
1519 1526
1519 1550
1519 1568
1519 1656
1520 1521
1520 1522
1520 1524
1520 1525
1520 1527
1520 1528
1520 1530
1520 1534
1520 1536
1520 1539
1520 1540
1520 1548
1520 1557
1520 1558
1520 1560
1520 1569
1520 1594
1520 1596
1520 1600
1520 1615
1520 1618
1521 1522
1521 1524
1521 1528
1521 1530
1521 1534
1521 1542
1521 1560
1521 1570
1521 1638
1522 1523
1522 1524
1522 1529
1522 1536
1522 1565
1522 1595
1522 1608
1523 1524
1523 1528
1523 1536
1523 1552
1523 1576
1524 1525
1524 1526
1524 1527
1524 1528
1524 1529
1524 1530
1524 1532
1524 1533
1524 1534
1524 1536
1524 1539
1524 1540
1524 1542
1524 1544
1524 1547
1524 1548
1524 1554
1524 1560
1524 1570
1524 1572
1524 1584
1524 1593
1524 1596
1524 1616
1524 1639
1524 1651
1524 1662
1525 1526
1525 1530
1525 1532
1525 1536
1525 1538
1525 1550
1525 1586
1526 1527
1526 1528
1526 1533
1526 1540
1526 1597
1526 1635
1527 1528
1527 1530
1527 1534
1527 1536
1527 1538
1527 1548
1527 1560
1527 1574
1527 1590
1527 1604
1527 1626
1528 1529
1528 1530
1528 1532
1528 1533
1528 1535
1528 1536
1528 1538
1528 1542
1528 1548
1528 1556
1528 1563
1528 1598
1529 1530
1529 1534
1529 1536
1529 1540
1530 1531
1530 1532
1530 1533
1530 1535
1530 1536
1530 1539
1530 1540
1530 1545
1530 1547
1530 1548
1530 1553
1530 1559
1530 1560
1530 1564
1530 1575
1530 1576
1530 1581
1530 1588
1530 1599
1530 1615
1530 1617
1530 1620
1530 1632
1531 1532
1531 1548
1531 1572
1532 1533
1532 1534
1532 1536
1532 1539
1532 1540
1532 1546
1532 1549
1532 1560
1532 1566
1532 1588
1532 1600
1533 1534
1533 1536
1533 1538
1533 1540
1533 1542
1533 1548
1533 1554
1533 1560
1533 1578
1533 1606
1534 1535
1534 1536
1534 1539
1534 1541
1534 1544
1534 1547
1534 1548
1534 1559
1534 1560
1534 1569
1534 1584
1534 1593
1534 1601
1534 1604
1534 1652
1535 1536
1535 1540
1535 1542
1535 1554
1536 1537
1536 1538
1536 1539
1536 1540
1536 1542
1536 1543
1536 1544
1536 1545
1536 1547
1536 1548
1536 1549
1536 1550
1536 1552
1536 1554
1536 1557
1536 1558
1536 1560
1536 1562
1536 1563
1536 1564
1536 1568
1536 1569
1536 1572
1536 1575
1536 1578
1536 1580
1536 1584
1536 1588
1536 1590
1536 1592
1536 1600
1536 1602
1536 1608
1536 1614
1536 1620
1536 1632
1536 1644
1536 1653
1536 1664
1537 1538
1537 1556
1537 1566
1537 1574
1537 1590
1538 1539
1538 1540
1538 1543
1538 1548
1538 1549
1538 1551
1538 1560
1538 1564
1538 1603
1539 1540
1539 1542
1539 1544
1539 1546
1539 1548
1539 1554
1539 1558
1539 1560
1539 1566
1539 1582
1539 1586
1539 1596
1539 1620
1540 1541
1540 1542
1540 1544
1540 1545
1540 1547
1540 1548
1540 1550
1540 1551
1540 1554
1540 1556
1540 1560
1540 1562
1540 1568
1540 1572
1540 1575
1540 1584
1540 1595
1540 1604
1540 1610
1540 1617
1540 1650
1541 1542
1541 1548
1541 1564
1541 1608
1541 1642
1542 1543
1542 1544
1542 1545
1542 1548
1542 1549
1542 1551
1542 1556
1542 1560
1542 1563
1542 1584
1542 1601
1542 1605
1542 1660
1543 1544
1543 1548
1543 1550
1543 1568
1544 1545
1544 1546
1544 1548
1544 1549
1544 1552
1544 1554
1544 1564
1544 1575
1544 1606
1544 1615
1545 1546
1545 1548
1545 1550
1545 1554
1545 1560
1545 1586
1545 1624
1545 1648
1546 1547
1546 1548
1546 1553
1546 1560
1546 1607
1546 1635
1547 1548
1547 1554
1547 1558
1547 1560
1547 1564
1547 1570
1547 1578
1547 1638
1547 1666
1548 1549
1548 1550
1548 1551
1548 1552
1548 1553
1548 1554
1548 1555
1548 1556
1548 1557
1548 1558
1548 1560
1548 1562
1548 1563
1548 1565
1548 1566
1548 1568
1548 1569
1548 1572
1548 1576
1548 1578
1548 1582
1548 1584
1548 1588
1548 1590
1548 1591
1548 1599
1548 1608
1548 1616
1548 1632
1548 1634
1548 1650
1548 1667
1549 1550
1549 1554
1549 1556
1549 1560
1549 1562
1549 1566
1549 1604
1549 1614
1550 1551
1550 1552
1550 1555
1550 1557
1550 1560
1550 1564
1550 1575
1550 1581
1550 1600
1550 1609
1550 1612
1551 1552
1551 1554
1551 1560
1551 1562
1551 1564
1551 1584
1551 1590
1551 1598
1552 1553
1552 1554
1552 1556
1552 1560
1552 1568
1552 1581
1552 1610
1552 1649
1553 1554
1553 1558
1553 1560
1553 1576
1554 1555
1554 1556
1554 1557
1554 1559
1554 1560
1554 1561
1554 1563
1554 1564
1554 1568
1554 1569
1554 1572
1554 1573
1554 1575
1554 1584
1554 1591
1554 1592
1554 1596
1554 1599
1554 1611
1554 1628
1554 1644
1554 1665
1555 1556
1555 1560
1555 1562
1555 1658
1556 1557
1556 1558
1556 1560
1556 1563
1556 1564
1556 1570
1556 1572
1556 1575
1556 1584
1556 1594
1556 1612
1556 1632
1557 1558
1557 1560
1557 1564
1557 1566
1557 1578
1557 1594
1558 1559
1558 1560
1558 1563
1558 1568
1558 1569
1558 1577
1558 1580
1558 1596
1558 1599
1558 1613
1558 1640
1559 1560
1559 1564
1559 1584
1559 1588
1560 1561
1560 1562
1560 1563
1560 1564
1560 1565
1560 1566
1560 1567
1560 1568
1560 1569
1560 1570
1560 1571
1560 1572
1560 1573
1560 1574
1560 1575
1560 1578
1560 1580
1560 1581
1560 1582
1560 1584
1560 1586
1560 1587
1560 1588
1560 1590
1560 1593
1560 1596
1560 1599
1560 1600
1560 1602
1560 1604
1560 1612
1560 1614
1560 1616
1560 1620
1560 1625
1560 1626
1560 1638
1560 1644
1560 1664
1561 1562
1561 1568
1562 1563
1562 1564
1562 1569
1562 1573
1562 1575
1562 1576
1562 1584
1562 1588
1562 1615
1562 1633
1562 1653
1563 1564
1563 1566
1563 1568
1563 1570
1563 1572
1563 1578
1563 1584
1563 1590
1563 1598
1563 1644
1564 1565
1564 1566
1564 1568
1564 1569
1564 1571
1564 1572
1564 1574
1564 1577
1564 1578
1564 1581
1564 1584
1564 1587
1564 1590
1564 1592
1564 1598
1564 1610
1564 1616
1564 1620
1564 1632
1564 1637
1564 1656
1565 1566
1565 1570
1565 1582
1565 1608
1566 1567
1566 1568
1566 1569
1566 1572
1566 1575
1566 1583
1566 1584
1566 1593
1566 1595
1566 1600
1566 1617
1566 1620
1566 1624
1566 1627
1566 1653
1567 1568
1567 1574
1568 1569
1568 1570
1568 1572
1568 1573
1568 1575
1568 1576
1568 1578
1568 1582
1568 1584
1568 1588
1568 1593
1568 1596
1568 1600
1568 1617
1568 1618
1568 1624
1568 1666
1569 1570
1569 1572
1569 1574
1569 1576
1569 1578
1569 1580
1569 1584
1569 1590
1569 1602
1569 1604
1569 1618
1570 1571
1570 1572
1570 1575
1570 1577
1570 1580
1570 1584
1570 1593
1570 1616
1570 1619
1571 1572
1571 1578
1571 1582
1571 1638
1572 1573
1572 1574
1572 1575
1572 1576
1572 1578
1572 1580
1572 1581
1572 1584
1572 1588
1572 1590
1572 1596
1572 1604
1572 1608
1572 1613
1572 1620
1572 1644
1572 1654
1573 1574
1573 1578
1573 1584
1573 1586
1573 1592
1574 1575
1574 1576
1574 1579
1574 1581
1574 1584
1574 1588
1574 1611
1574 1621
1574 1648
1575 1576
1575 1578
1575 1580
1575 1582
1575 1584
1575 1588
1575 1590
1575 1594
1575 1596
1575 1600
1575 1606
1575 1610
1575 1614
1575 1620
1575 1632
1575 1638
1575 1650
1576 1577
1576 1578
1576 1580
1576 1583
1576 1584
1576 1590
1576 1599
1576 1604
1576 1622
1576 1629
1577 1578
1577 1584
1577 1590
1577 1596
1577 1660
1578 1579
1578 1580
1578 1581
1578 1583
1578 1584
1578 1585
1578 1587
1578 1588
1578 1592
1578 1593
1578 1596
1578 1599
1578 1608
1578 1609
1578 1620
1578 1623
1578 1640
1579 1580
1579 1584
1580 1581
1580 1582
1580 1584
1580 1585
1580 1588
1580 1590
1580 1591
1580 1600
1580 1602
1580 1624
1580 1659
1581 1582
1581 1584
1581 1588
1581 1590
1581 1598
1581 1602
1581 1610
1581 1612
1581 1632
1581 1664
1582 1583
1582 1584
1582 1589
1582 1593
1582 1596
1582 1599
1582 1604
1582 1616
1582 1625
1583 1584
1583 1588
1583 1590
1583 1600
1584 1585
1584 1586
1584 1587
1584 1588
1584 1589
1584 1590
1584 1591
1584 1592
1584 1593
1584 1594
1584 1595
1584 1596
1584 1598
1584 1599
1584 1600
1584 1602
1584 1604
1584 1605
1584 1606
1584 1608
1584 1609
1584 1612
1584 1614
1584 1617
1584 1620
1584 1626
1584 1628
1584 1632
1584 1634
1584 1644
1584 1650
1584 1656
1584 1659
1585 1586
1585 1590
1585 1592
1586 1587
1586 1588
1586 1599
1586 1612
1586 1627
1586 1633
1586 1647
1587 1588
1587 1590
1587 1596
1587 1610
1587 1614
1587 1656
1588 1589
1588 1590
1588 1592
1588 1593
1588 1595
1588 1596
1588 1598
1588 1601
1588 1602
1588 1604
1588 1608
1588 1614
1588 1616
1588 1617
1588 1628
1588 1640
1588 1644
1588 1646
1589 1590
1589 1594
1589 1596
1590 1591
1590 1592
1590 1593
1590 1595
1590 1596
1590 1597
1590 1599
1590 1600
1590 1603
1590 1604
1590 1605
1590 1608
1590 1611
1590 1616
1590 1617
1590 1620
1590 1629
1590 1632
1590 1643
1590 1644
1590 1653
1591 1592
1591 1598
1591 1602
1591 1628
1591 1634
1592 1593
1592 1594
1592 1596
1592 1599
1592 1600
1592 1606
1592 1611
1592 1620
1592 1630
1592 1648
1593 1594
1593 1596
1593 1598
1593 1602
1593 1604
1593 1608
1593 1616
1593 1618
1593 1620
1593 1626
1593 1652
1593 1662
1594 1595
1594 1596
1594 1599
1594 1604
1594 1613
1594 1631
1594 1632
1595 1596
1595 1600
1595 1602
1595 1606
1595 1624
1595 1650
1596 1597
1596 1598
1596 1599
1596 1600
1596 1602
1596 1603
1596 1604
1596 1605
1596 1608
1596 1610
1596 1614
1596 1615
1596 1617
1596 1620
1596 1624
1596 1632
1596 1634
1596 1638
1596 1653
1597 1598
1597 1604
1598 1599
1598 1600
1598 1603
1598 1605
1598 1608
1598 1612
1598 1615
1598 1632
1598 1633
1598 1645
1599 1600
1599 1602
1599 1604
1599 1606
1599 1608
1599 1612
1599 1614
1599 1616
1599 1620
1599 1622
1599 1638
1599 1640
1599 1644
1599 1650
1600 1601
1600 1602
1600 1604
1600 1605
1600 1608
1600 1610
1600 1616
1600 1617
1600 1620
1600 1625
1600 1632
1600 1634
1600 1640
1600 1650
1600 1664
1601 1602
1601 1614
1601 1660
1602 1603
1602 1604
1602 1605
1602 1608
1602 1609
1602 1611
1602 1613
1602 1616
1602 1620
1602 1623
1602 1624
1602 1635
1602 1644
1603 1604
1603 1608
1603 1610
1603 1616
1604 1605
1604 1606
1604 1608
1604 1609
1604 1611
1604 1612
1604 1614
1604 1615
1604 1618
1604 1620
1604 1624
1604 1626
1604 1632
1604 1636
1604 1639
1604 1648
1604 1659
1605 1606
1605 1608
1605 1610
1605 1612
1605 1614
1605 1620
1605 1626
1606 1607
1606 1608
1606 1613
1606 1617
1606 1620
1606 1628
1606 1637
1607 1608
1608 1609
1608 1610
1608 1611
1608 1612
1608 1613
1608 1614
1608 1616
1608 1617
1608 1618
1608 1620
1608 1623
1608 1626
1608 1628
1608 1632
1608 1638
1608 1644
1608 1651
1609 1610
1609 1614
1609 1616
1609 1634
1609 1640
1610 1611
1610 1612
1610 1615
1610 1617
1610 1620
1610 1624
1610 1633
1610 1639
1610 1645
1610 1656
1611 1612
1611 1614
1611 1618
1611 1620
1611 1630
1611 1632
1611 1648
1612 1613
1612 1614
1612 1616
1612 1619
1612 1620
1612 1625
1612 1626
1612 1638
1612 1640
1612 1643
1612 1664
1613 1614
1613 1618
1613 1620
1613 1624
1613 1632
1613 1654
1614 1615
1614 1616
1614 1617
1614 1619
1614 1620
1614 1623
1614 1624
1614 1627
1614 1629
1614 1632
1614 1640
1614 1641
1614 1644
1614 1653
1615 1616
1615 1620
1615 1626
1615 1632
1615 1634
1616 1617
1616 1618
1616 1620
1616 1623
1616 1624
1616 1629
1616 1630
1616 1632
1616 1633
1616 1639
1616 1642
1616 1644
1616 1650
1616 1662
1617 1618
1617 1620
1617 1624
1617 1626
1617 1628
1617 1634
1617 1638
1617 1644
1617 1646
1617 1650
1617 1666
1618 1619
1618 1620
1618 1623
1618 1625
1618 1628
1618 1632
1618 1643
1618 1667
1619 1620
1619 1624
1619 1626
1620 1621
1620 1622
1620 1623
1620 1624
1620 1625
1620 1626
1620 1627
1620 1628
1620 1629
1620 1630
1620 1632
1620 1634
1620 1635
1620 1636
1620 1638
1620 1640
1620 1641
1620 1644
1620 1647
1620 1648
1620 1650
1620 1656
1620 1662
1620 1665
1621 1622
1622 1623
1622 1624
1622 1645
1623 1624
1623 1626
1623 1628
1623 1630
1623 1632
1623 1638
1623 1644
1624 1625
1624 1626
1624 1628
1624 1629
1624 1631
1624 1632
1624 1634
1624 1635
1624 1638
1624 1644
1624 1646
1624 1652
1624 1653
1625 1626
1625 1630
1625 1632
1625 1638
1625 1650
1626 1627
1626 1628
1626 1629
1626 1632
1626 1633
1626 1635
1626 1637
1626 1640
1626 1644
1626 1647
1626 1648
1626 1659
1627 1628
1627 1634
1627 1640
1628 1629
1628 1630
1628 1632
1628 1633
1628 1636
1628 1638
1628 1639
1628 1648
1628 1650
1628 1665
1629 1630
1629 1632
1629 1634
1629 1638
1629 1642
1629 1644
1630 1631
1630 1632
1630 1635
1630 1637
1630 1640
1630 1644
1630 1649
1631 1632
1631 1638
1632 1633
1632 1634
1632 1635
1632 1636
1632 1638
1632 1639
1632 1640
1632 1641
1632 1644
1632 1646
1632 1648
1632 1649
1632 1650
1632 1651
1632 1653
1632 1656
1632 1660
1632 1664
1632 1666
1633 1634
1633 1638
1633 1640
1633 1650
1633 1656
1634 1635
1634 1636
1634 1639
1634 1641
1634 1644
1634 1648
1634 1651
1634 1653
1634 1659
1635 1636
1635 1638
1635 1640
1635 1644
1635 1646
1635 1650
1636 1637
1636 1638
1636 1640
1636 1644
1636 1652
1637 1638
1637 1644
1637 1648
1638 1639
1638 1640
1638 1641
1638 1643
1638 1644
1638 1645
1638 1647
1638 1648
1638 1651
1638 1652
1638 1653
1638 1656
1638 1659
1638 1664
1639 1640
1639 1644
1639 1646
1639 1650
1639 1662
1640 1641
1640 1642
1640 1644
1640 1645
1640 1647
1640 1648
1640 1650
1640 1653
1640 1654
1640 1660
1640 1666
1641 1642
1641 1644
1641 1648
1641 1650
1641 1662
1642 1643
1642 1644
1642 1655
1643 1644
1643 1648
1644 1645
1644 1646
1644 1647
1644 1648
1644 1649
1644 1650
1644 1651
1644 1652
1644 1653
1644 1654
1644 1656
1644 1658
1644 1659
1644 1662
1644 1664
1644 1665
1645 1646
1645 1650
1645 1652
1646 1647
1646 1648
1646 1653
1646 1657
1646 1660
1647 1648
1647 1650
1647 1654
1647 1656
1648 1649
1648 1650
1648 1652
1648 1653
1648 1655
1648 1656
1648 1658
1648 1659
1648 1662
1648 1664
1649 1650
1649 1654
1649 1666
1650 1651
1650 1652
1650 1653
1650 1655
1650 1656
1650 1659
1650 1660
1650 1661
1650 1665
1650 1667
1651 1652
1651 1658
1651 1664
1652 1653
1652 1654
1652 1656
1652 1659
1652 1660
1652 1666
1653 1654
1653 1656
1653 1658
1653 1660
1653 1662
1653 1666
1654 1655
1654 1656
1654 1659
1654 1661
1654 1664
1655 1656
1655 1660
1655 1662
1656 1657
1656 1658
1656 1659
1656 1660
1656 1662
1656 1664
1656 1665
1657 1658
1658 1659
1658 1660
1658 1663
1658 1665
1659 1660
1659 1662
1659 1664
1659 1666
1660 1661
1660 1662
1660 1664
1660 1665
1660 1667
1661 1662
1662 1663
1662 1664
1662 1665
1663 1664
1664 1665
1664 1666
1665 1666
1666 1667
